Workbook

Sheet Lịch kiểm kê 2025
E1: LỊCH KIỂM KÊ TỔNG 2025 | I1: GSM Báo đổi
E2: Thời gian: 01/04/2025 - 29/12/2025 | I2: Thay đổi 7-10 ngày hiện tại => mới điều chỉnh kịp
B3: SDT IT hỗ trợ khi ST gặp sự cố trong lúc kiểm kê | E3: Ngô Quang Cẩm Tú | F3: 0386446113 | M3: DONE
E4: Hoàng Ngọc Long | F4: 0981683801
E5: Tô Thanh Vinh | F5: 0877410295
E6: Nguyễn Thanh Tùng | F6: 0367910431
E7: Nguyễn Xuân Hoánh | F7: 0886485610
J8: Đã delete KK Daily | K8: Khang SOC | M8: GSM | N8: Dành cho các ST đã thực hiện kiểm kê bàn giao full 5 ngành hàng => điền ngày đã kiểm kê tương ứng vào bên dưới
A9: STT | B9: GSM | C9: ID Mart | D9: KV | E9: Tên Siêu thị | F9: Ngày kiểm kê tổng | G9: Ngày kiểm Fresh food | H9: Ngày đổ phiếu tổng | I9: Ngưng kiểm kê Daily | J9: ADMIN NOTE | K9: Đã cài lịch kiểm kê | L9: Ngày đổ phiếu tổng thực tế | M9: Note thời gian Cần tắt ONL | N9: 1.BAKERY AND DELICA | O9: 1.CHILLED AND FROZEN | P9: 1.DAIRY AND ICE CREAM | Q9: 1.FMCG | R9: 1.FRESH FOOD | S9: Ngày kiểm Fresh food thực tê | T9: Bắt đầu Ngưng Kiểm kê Daily | U9: Kết Thúc Ngưng Kiểm kê Daily
A10: =ROW()-9 -> 1 | B10: {=XLOOKUP(E10,'GSM T4.2026'!D:D,'GSM T4.2026'!F:F)} -> #N/A | C10: {=XLOOKUP(E10,Sheet6!H:H,Sheet6!G:G)} -> CTH | D10: {=XLOOKUP(E10,'GSM T4.2026'!D:D,#REF!)} -> #N/A | E10: KFM_HCM_TDU - TMDV Citihome Cát Lái - MART | F10: 12-09-25 | G10: =F10-3 -> -319334 | H10: =F10-5 -> -319336 | I10: 08/09 - 15/09 | J10: X | K10: DONE
A11: =ROW()-9 -> 2 | B11: {=XLOOKUP(E11,'GSM T4.2026'!D:D,'GSM T4.2026'!F:F)} -> #N/A | C11: {=XLOOKUP(E11,Sheet6!H:H,Sheet6!G:G)} -> LVL | D11: {=XLOOKUP(E11,'GSM T4.2026'!D:D,#REF!)} -> #N/A | E11: KFM_HCM_NBE - 166E Lê Văn Lương - MART | F11: 45906 | G11: 45904 | H11: =F11-5 -> 45901 | I11: 01/09 - 09/09 | J11: X | K11: DONE | T11: 45905 | U11: 22/05/2025
A12: =ROW()-9 -> 3 | B12: {=XLOOKUP(E12,'GSM T4.2026'!D:D,'GSM T4.2026'!F:F)} -> #N/A | C12: {=XLOOKUP(E12,Sheet6!H:H,Sheet6!G:G)} -> PTN | D12: {=XLOOKUP(E12,'GSM T4.2026'!D:D,#REF!)} -> #N/A | E12: KFM_HCM_Q07 - E72 Phú Thuận - MINI | F12: 45908 | G12: =F12-3 -> 45905 | H12: =F12-5 -> 45903 | I12: 01/09 - 11/09 | J12: X | K12: DONE | T12: 45906 | U12: 21/06/2025
A13: =ROW()-9 -> 4 | B13: {=XLOOKUP(E13,'GSM T4.2026'!D:D,'GSM T4.2026'!F:F)} -> #N/A | C13: {=XLOOKUP(E13,Sheet6!H:H,Sheet6!G:G)} -> JKD | D13: {=XLOOKUP(E13,'GSM T4.2026'!D:D,#REF!)} -> #N/A | E13: KFM_HCM_TDU - A1.04 Jamila Khang Điền - MINI | F13: 45914 | G13: =F13-3 -> 45911 | H13: =F13-5 -> 45909 | I13: 08/09 - 17/09 | J13: X | K13: DONE | T13: 45906 | U13: 21/06/2025
A14: =ROW()-9 -> 5 | B14: {=XLOOKUP(E14,'GSM T4.2026'!D:D,'GSM T4.2026'!F:F)} -> #N/A | C14: {=XLOOKUP(E14,Sheet6!H:H,Sheet6!G:G)} -> HPD | D14: {=XLOOKUP(E14,'GSM T4.2026'!D:D,#REF!)} -> #N/A | E14: KFM_BDU_DAN - 01-06 TMDV Him Lam Phú Đông - MINI | F14: 45918 | G14: =F14-3 -> 45915 | H14: =F14-5 -> 45913 | I14: 13/09 - 21/09 | J14: X | K14: DONE | T14: 45905 | U14: 15/05/2025
A15: =ROW()-9 -> 6 | B15: {=XLOOKUP(E15,'GSM T4.2026'!D:D,'GSM T4.2026'!F:F)} -> #N/A | C15: {=XLOOKUP(E15,Sheet6!H:H,Sheet6!G:G)} -> CLN | D15: {=XLOOKUP(E15,'GSM T4.2026'!D:D,#REF!)} -> #N/A | E15: KFM_HCM_Q06 - 126 Chợ Lớn - MINI | F15: 45929 | G15: =F15-3 -> 45926 | H15: =F15-5 -> 45924 | I15: 22/09 - 02/10 | J15: X | K15: DONE | T15: 45935 | U15: 20/05/2025
A16: =ROW()-9 -> 7 | B16: {=XLOOKUP(E16,'GSM T4.2026'!D:D,'GSM T4.2026'!F:F)} -> #N/A | C16: {=XLOOKUP(E16,Sheet6!H:H,Sheet6!G:G)} -> PHI | D16: {=XLOOKUP(E16,'GSM T4.2026'!D:D,#REF!)} -> #N/A | E16: KFM_HCM_GVA - 410 Phan Huy Ích - MART | F16: 45994 | G16: =F16-3 -> 45991 | H16: =F16-5 -> 45989 | I16: 30/11 - 7/12 | J16: X | K16: DONE | M16: BÀN GIAO KHU VỰC GSM T11 | T16: 21//11/2025 | U16: 30/11/2025
A17: =ROW()-9 -> 8 | B17: {=XLOOKUP(E17,'GSM T4.2026'!D:D,'GSM T4.2026'!F:F)} -> #N/A | C17: {=XLOOKUP(E17,Sheet6!H:H,Sheet6!G:G)} -> NVQ | D17: {=XLOOKUP(E17,'GSM T4.2026'!D:D,#REF!)} -> #N/A | E17: KFM_HCM_Q12 - 678 Nguyễn Văn Quá - MART | F17: 45995 | G17: =F17-3 -> 45992 | H17: =F17-5 -> 45990 | I17: 1/12 - 7/12 | J17: X | K17: DONE | M17: KK BÀN GIAO = KK TỔNG | T17: 45937 | U17: 20/07/2025
A18: =ROW()-9 -> 9 | B18: {=XLOOKUP(E18,'GSM T4.2026'!D:D,'GSM T4.2026'!F:F)} -> #N/A | C18: A115 | D18: {=XLOOKUP(E18,'GSM T4.2026'!D:D,#REF!)} -> #N/A | E18: KFM_HCM_BTH - 484B Lê Quang Định - MINI | F18: 45995 | G18: =F18-3 -> 45992 | H18: =F18-5 -> 45990 | I18: 30/11 - 07/12 | J18: X | K18: DONE | M18: Gsm đề xuất | T18: 20/10/2025 | U18: 26/10/2025
A19: =ROW()-9 -> 10 | B19: {=XLOOKUP(E19,'GSM T4.2026'!D:D,'GSM T4.2026'!F:F)} -> #N/A | C19: A111 | D19: {=XLOOKUP(E19,'GSM T4.2026'!D:D,#REF!)} -> #N/A | E19: KFM_HCM_TDU - BA-S03 New City - MINI | F19: 45995 | G19: =F19-3 -> 45992 | H19: =F19-5 -> 45990 | I19: 27/11 - 05/12 | J19: X | K19: DONE | M19: Gsm đề xuất | T19: 46002 | U19: 20/11/2025
A20: =ROW()-9 -> 11 | B20: {=XLOOKUP(E20,'GSM T4.2026'!D:D,'GSM T4.2026'!F:F)} -> #N/A | C20: {=XLOOKUP(E20,Sheet6!H:H,Sheet6!G:G)} -> ECG | D20: {=XLOOKUP(E20,'GSM T4.2026'!D:D,#REF!)} -> #N/A | E20: KFM_HCM_Q07 - SH16 Eco Green - MINI | F20: 45996 | G20: =F20-3 -> 45993 | H20: =F20-5 -> 45991 | I20: 1/12 - 7//12 | J20: X | K20: DONE | L20: 45700 | M20: KK BÀN GIAO = KK TỔNG | N20: 45996 | O20: 45996 | P20: 45996 | Q20: 45996 | R20: 45905 | S20: 45935 | T20: 15/10/2025 | U20: 23/10/2025
A21: =ROW()-9 -> 12 | B21: {=XLOOKUP(E21,'GSM T4.2026'!D:D,'GSM T4.2026'!F:F)} -> #N/A | C21: A112 | D21: {=XLOOKUP(E21,'GSM T4.2026'!D:D,#REF!)} -> #N/A | E21: KFM_HCM_Q01 - 93 Cô Giang - MINI | F21: 45996 | G21: =F21-3 -> 45993 | H21: =F21-5 -> 45991 | I21: 01/12 -10/12 | J21: X | K21: DONE | M21: Gsm đề xuất
A22: =ROW()-9 -> 13 | B22: {=XLOOKUP(E22,'GSM T4.2026'!D:D,'GSM T4.2026'!F:F)} -> #N/A | C22: {=XLOOKUP(E22,Sheet6!H:H,Sheet6!G:G)} -> SCV | D22: {=XLOOKUP(E22,'GSM T4.2026'!D:D,#REF!)} -> #N/A | E22: KFM_HCM_Q07 - B0.02 Scenic Valley 2 - MINI | F22: 46002 | G22: =F22-3 -> 45999 | H22: =F22-5 -> 45997 | I22: 7/12 - 14/12 | J22: X | K22: DONE | M22: KK BÀN GIAO = KK TỔNG
A23: =ROW()-9 -> 14 | B23: {=XLOOKUP(E23,'GSM T4.2026'!D:D,'GSM T4.2026'!F:F)} -> #N/A | C23: {=XLOOKUP(E23,Sheet6!H:H,Sheet6!G:G)} -> NKM | D23: {=XLOOKUP(E23,'GSM T4.2026'!D:D,#REF!)} -> #N/A | E23: KFM_HCM_GVA - 371 Nguyễn Kiệm - MINI | F23: 46006 | G23: =F23-3 -> 46003 | H23: =F23-5 -> 46001 | I23: 09/12 - 18/12 | J23: X | K23: DONE | M23: KK BÀN GIAO = KK TỔNG | T23: 45819 | U23: 13/11/2025
A24: =ROW()-9 -> 15 | B24: {=XLOOKUP(E24,'GSM T4.2026'!D:D,'GSM T4.2026'!F:F)} -> #N/A | C24: A110 | D24: {=XLOOKUP(E24,'GSM T4.2026'!D:D,#REF!)} -> #N/A | E24: KFM_HCM_Q10 - Jasmine 1 Hà Đô Centrosa - MART | F24: 46006 | G24: =F24-3 -> 46003 | H24: =F24-5 -> 46001 | I24: 10/12 - 20/12 | J24: X | K24: DONE | M24: Gsm đề xuất
A25: =ROW()-9 -> 16 | B25: {=XLOOKUP(E25,'GSM T4.2026'!D:D,'GSM T4.2026'!F:F)} -> #N/A | C25: A121 | D25: {=XLOOKUP(E25,'GSM T4.2026'!D:D,#REF!)} -> #N/A | E25: KFM_HCM_Q06 - 123 Lý Chiêu Hoàng - MINI | F25: 46006 | G25: =F25-3 -> 46003 | H25: =F25-5 -> 46001 | I25: 11/12 - 18/12 | J25: X | K25: DONE | M25: Gsm đề xuất
A26: =ROW()-9 -> 17 | B26: {=XLOOKUP(E26,'GSM T4.2026'!D:D,'GSM T4.2026'!F:F)} -> #N/A | C26: A124 | D26: {=XLOOKUP(E26,'GSM T4.2026'!D:D,#REF!)} -> #N/A | E26: KFM_HCM_TDU - 74 Đường Số 1 Chung Cư Sky 9 - MINI | F26: 46007 | G26: =F26-3 -> 46004 | H26: =F26-5 -> 46002 | I26: 10/12 - 22/12 | J26: X | K26: DONE | M26: Gsm đề xuất
A27: =ROW()-9 -> 18 | B27: {=XLOOKUP(E27,'GSM T4.2026'!D:D,'GSM T4.2026'!F:F)} -> #N/A | C27: A116 | D27: {=XLOOKUP(E27,'GSM T4.2026'!D:D,#REF!)} -> #N/A | E27: KFM_HCM_Q12 - 76 Trần Thị Cờ - MINI | F27: 46008 | G27: =F27-3 -> 46005 | H27: =F27-5 -> 46003 | I27: 14/12 - 21/12 | J27: X | K27: DONE | M27: Gsm đề xuất
A28: =ROW()-9 -> 19 | B28: {=XLOOKUP(E28,'GSM T4.2026'!D:D,'GSM T4.2026'!F:F)} -> #N/A | C28: A117 | D28: {=XLOOKUP(E28,'GSM T4.2026'!D:D,#REF!)} -> #N/A | E28: KFM_BDU_TAN - SH14 The Rivana - MINI | F28: 46009 | G28: =F28-3 -> 46006 | H28: =F28-5 -> 46004 | I28: 13/12 - 20/12 | J28: X | K28: DONE | M28: Gsm đề xuất
A29: =ROW()-9 -> 20 | B29: {=XLOOKUP(E29,'GSM T4.2026'!D:D,'GSM T4.2026'!F:F)} -> #N/A | C29: A125 | D29: {=XLOOKUP(E29,'GSM T4.2026'!D:D,#REF!)} -> #N/A | E29: KFM_HCM_TDU - 115 Man Thiện - MINI | F29: 46009 | G29: =F29-3 -> 46006 | H29: =F29-5 -> 46004 | I29: 13/12 - 20/12 | J29: X | K29: DONE | M29: Gsm đề xuất
A30: =ROW()-9 -> 21 | B30: {=XLOOKUP(E30,'GSM T4.2026'!D:D,'GSM T4.2026'!F:F)} -> #N/A | C30: {=XLOOKUP(E30,Sheet6!H:H,Sheet6!G:G)} -> A103 | D30: {=XLOOKUP(E30,'GSM T4.2026'!D:D,#REF!)} -> #N/A | E30: KFM_HCM_NBE - 222 Lê Văn Lương - MINI | F30: 46014 | G30: =F30-3 -> 46011 | H30: =F30-5 -> 46009 | I30: 20/12/2025 - 27/12/2025 | J30: X | K30: DONE | M30: Gsm đề xuất
A31: =ROW()-9 -> 22 | B31: {=XLOOKUP(E31,'GSM T4.2026'!D:D,'GSM T4.2026'!F:F)} -> #N/A | C31: A113 | D31: {=XLOOKUP(E31,'GSM T4.2026'!D:D,#REF!)} -> #N/A | E31: KFM_HCM_BTH - 216 Phan Văn Hân - MINI | F31: 46019 | G31: =F31-3 -> 46016 | H31: =F31-5 -> 46014 | I31: 24/12 - 31/12 | J31: X | K31: DONE | M31: Gsm đề xuất
A32: =ROW()-9 -> 23 | B32: {=XLOOKUP(E32,'GSM T4.2026'!D:D,'GSM T4.2026'!F:F)} -> #N/A | C32: A118 | D32: {=XLOOKUP(E32,'GSM T4.2026'!D:D,#REF!)} -> #N/A | E32: KFM_HCM_Q10 - 74 Vĩnh Viễn - MINI | F32: 46019 | G32: =F32-3 -> 46016 | H32: =F32-5 -> 46014 | I32: 24/12 - 31/12 | J32: X | K32: DONE | M32: Gsm đề xuất
A33: =ROW()-9 -> 24 | B33: {=XLOOKUP(E33,'GSM T4.2026'!D:D,'GSM T4.2026'!F:F)} -> #N/A | C33: A126 | D33: {=XLOOKUP(E33,'GSM T4.2026'!D:D,#REF!)} -> #N/A | E33: KFM_HCM_Q03 - 274 Lê Văn Sỹ - MINI | F33: 46020 | G33: =F33-3 -> 46017 | H33: =F33-5 -> 46015 | I33: 24/12/2025 - 31/12/2025 | J33: X | K33: DONE | M33: Gsm đề xuất
A34: =ROW()-9 -> 25 | B34: {=XLOOKUP(E34,'GSM T4.2026'!D:D,'GSM T4.2026'!F:F)} -> #N/A | C34: A123 | D34: {=XLOOKUP(E34,'GSM T4.2026'!D:D,#REF!)} -> #N/A | E34: KFM_HCM_TDU - 29B Đường Số 30 4S Linh Đông - MINI | F34: 46018 | G34: =F34-3 -> 46015 | H34: =F34-5 -> 46013 | I34: 22/12/2025 - 31/12/2025 | J34: X | K34: DONE | L34: Không KK TỔNG | M34: Gsm đề xuất
A35: =ROW()-9 -> 26 | B35: {=XLOOKUP(E35,'GSM T4.2026'!D:D,'GSM T4.2026'!F:F)} -> #N/A | C35: A119 | D35: {=XLOOKUP(E35,'GSM T4.2026'!D:D,#REF!)} -> #N/A | E35: KFM_HCM_TDU - 09 Đào Trinh Nhất - MINI | F35: 46020 | G35: =F35-3 -> 46017 | H35: =F35-5 -> 46015 | I35: 22/12/2025 - 31/12/2025 | J35: X | K35: DONE | M35: Gsm đề xuất
A36: =ROW()-9 -> 27 | B36: {=XLOOKUP(E36,'GSM T4.2026'!D:D,'GSM T4.2026'!F:F)} -> #N/A | C36: A128 | D36: {=XLOOKUP(E36,'GSM T4.2026'!D:D,#REF!)} -> #N/A | E36: KFM_HCM_GVA - TM0.03 CH3 Cityland Park Hill - MINI | F36: 46019 | G36: =F36-3 -> 46016 | H36: =F36-5 -> 46014 | I36: 24/12 - 31/12 | J36: X | K36: DONE | L36: Không KK TỔNG | M36: Gsm đề xuất
A37: =ROW()-9 -> 28 | B37: {=XLOOKUP(E37,'GSM T4.2026'!D:D,'GSM T4.2026'!F:F)} -> #N/A | C37: A127 | D37: {=XLOOKUP(E37,'GSM T4.2026'!D:D,#REF!)} -> #N/A | E37: KFM_HCM_TDU - B-SH.06 Urban Green - MINI | F37: 46020 | G37: =F37-3 -> 46017 | H37: =F37-5 -> 46015 | I37: 22/12/2025 - 31/12/2025 | J37: X | K37: DONE | L37: Không KK TỔNG | M37: Gsm đề xuất
A38: =ROW()-9 -> 29 | B38: {=XLOOKUP(E38,'GSM T4.2026'!D:D,'GSM T4.2026'!F:F)} -> #N/A | C38: A132 | D38: {=XLOOKUP(E38,'GSM T4.2026'!D:D,#REF!)} -> #N/A | E38: KFM_HCM_TDU - 136 Hiệp Bình - MINI | F38: 46016 | G38: =F38-3 -> 46013 | H38: =F38-5 -> 46011 | I38: 22/12/2025 - 31/12/2025 | J38: X | K38: DONE | L38: Không KK TỔNG | M38: Gsm đề xuất
A39: =ROW()-9 -> 30 | B39: {=XLOOKUP(E39,'GSM T4.2026'!D:D,'GSM T4.2026'!F:F)} -> #N/A | C39: {=XLOOKUP(E39,Sheet6!H:H,Sheet6!G:G)} -> ERT | D39: {=XLOOKUP(E39,'GSM T4.2026'!D:D,#REF!)} -> #N/A | E39: KFM_HCM_Q07 - 0105 B4 Era Town - MART | G39: =F39-3 -> -3 | H39: =F39-5 -> -5 | K39: NGƯNG KIỂM KÊ | N39: 25/02/2025 | O39: 25/02/2025 | P39: 26/02/2025 | Q39: 27/02/2025 | R39: 24/02/2025
A40: =ROW()-9 -> 31 | B40: {=XLOOKUP(E40,'GSM T4.2026'!D:D,'GSM T4.2026'!F:F)} -> #N/A | C40: {=XLOOKUP(E40,Sheet6!H:H,Sheet6!G:G)} -> HTN | D40: {=XLOOKUP(E40,'GSM T4.2026'!D:D,#REF!)} -> #N/A | E40: KFM_HCM_TDU - 17 Hồ Thị Nhung - MINI | F40: 45753 | G40: =F40-3 -> 45750 | H40: =F40-5 -> 45748 | I40: 31/03 - 09/04 | J40: X | K40: DONE
A41: =ROW()-9 -> 32 | B41: {=XLOOKUP(E41,'GSM T4.2026'!D:D,'GSM T4.2026'!F:F)} -> #N/A | C41: {=XLOOKUP(E41,Sheet6!H:H,Sheet6!G:G)} -> NTD | D41: {=XLOOKUP(E41,'GSM T4.2026'!D:D,#REF!)} -> #N/A | E41: KFM_HCM_TDU - 160A Nguyễn Thị Định - MINI | F41: 45753 | G41: =F41-3 -> 45750 | H41: =F41-5 -> 45748 | I41: 02/04 - 09/04 | J41: X | K41: DONE
A42: =ROW()-9 -> 33 | B42: {=XLOOKUP(E42,'GSM T4.2026'!D:D,'GSM T4.2026'!F:F)} -> #N/A | C42: {=XLOOKUP(E42,Sheet6!H:H,Sheet6!G:G)} -> NTO | D42: {=XLOOKUP(E42,'GSM T4.2026'!D:D,#REF!)} -> #N/A | E42: KFM_HCM_BTH - 108 Ngô Tất Tố - MINI | F42: 45755 | G42: =F42-3 -> 45752 | H42: =F42-5 -> 45750 | I42: 31/03 - 11/04 | J42: X | K42: DONE | T42: 14/04/2025 | U42: 23/04/2025
A43: =ROW()-9 -> 34 | B43: {=XLOOKUP(E43,'GSM T4.2026'!D:D,'GSM T4.2026'!F:F)} -> #N/A | C43: {=XLOOKUP(E43,Sheet6!H:H,Sheet6!G:G)} -> HNG | D43: {=XLOOKUP(E43,'GSM T4.2026'!D:D,#REF!)} -> #N/A | E43: KFM_HCM_Q12 - Block B1 Hưng Ngân Garden - MINI | F43: 45756 | G43: =F43-3 -> 45753 | H43: =F43-5 -> 45751 | I43: 02/04 - 12/04 | J43: X | K43: DONE | T43: 21/04/2025 | U43: 45662
A44: =ROW()-9 -> 35 | B44: {=XLOOKUP(E44,'GSM T4.2026'!D:D,'GSM T4.2026'!F:F)} -> #N/A | C44: {=XLOOKUP(E44,Sheet6!H:H,Sheet6!G:G)} -> CLG | D44: {=XLOOKUP(E44,'GSM T4.2026'!D:D,#REF!)} -> #N/A | E44: KFM_HCM_TBI - 64A Cửu Long - MINI | F44: 45757 | G44: 45753 | H44: =F44-5 -> 45752 | I44: 05/04 - 13/04 | J44: X | K44: DONE | T44: 23/04/2025 | U44: 45662
A45: =ROW()-9 -> 36 | B45: {=XLOOKUP(E45,'GSM T4.2026'!D:D,'GSM T4.2026'!F:F)} -> #N/A | C45: {=XLOOKUP(E45,Sheet6!H:H,Sheet6!G:G)} -> ACU | D45: {=XLOOKUP(E45,'GSM T4.2026'!D:D,#REF!)} -> #N/A | E45: KFM_HCM_TDU - 0.01 Chung cư An Cư An Phú - MINI | F45: 45757 | G45: 45753 | H45: =F45-5 -> 45752 | I45: 05/04 - 13/04 | J45: X | K45: DONE | T45: 24/03/2025 | U45: 30/03/2025
A46: =ROW()-9 -> 37 | B46: {=XLOOKUP(E46,'GSM T4.2026'!D:D,'GSM T4.2026'!F:F)} -> #N/A | C46: {=XLOOKUP(E46,Sheet6!H:H,Sheet6!G:G)} -> TSO | D46: {=XLOOKUP(E46,'GSM T4.2026'!D:D,#REF!)} -> #N/A | E46: KFM_HCM_Q10 - BB17 Trường Sơn - MART | F46: 45761 | G46: =F46-3 -> 45758 | H46: =F46-4 -> 45757 | I46: 07/04 - 17/04 | J46: X | K46: DONE | T46: 31/03/2025 | U46: 45873
A47: =ROW()-9 -> 38 | B47: {=XLOOKUP(E47,'GSM T4.2026'!D:D,'GSM T4.2026'!F:F)} -> #N/A | C47: {=XLOOKUP(E47,Sheet6!H:H,Sheet6!G:G)} -> Q7R | D47: {=XLOOKUP(E47,'GSM T4.2026'!D:D,#REF!)} -> #N/A | E47: KFM_HCM_Q07 - Lô CD L1-12 Q7 Riverside Đào Trí - MINI | F47: 14-04-25 | G47: 45758 | H47: 45757 | I47: 07/04 - 17/04 | J47: X | K47: DONE | T47: 31/03/2025 | U47: 45904
A48: =ROW()-9 -> 39 | B48: {=XLOOKUP(E48,'GSM T4.2026'!D:D,'GSM T4.2026'!F:F)} -> #N/A | C48: {=XLOOKUP(E48,Sheet6!H:H,Sheet6!G:G)} -> SFR | D48: {=XLOOKUP(E48,'GSM T4.2026'!D:D,#REF!)} -> #N/A | E48: KFM_HCM_TDU - D1-1.24 SAFIRA Khang Điền - MINI | F48: 45762 | G48: =F48-3 -> 45759 | H48: =F48-5 -> 45757 | I48: 07/04 - 18/04 | J48: X | K48: DONE | T48: 45692 | U48: 45904
A49: =ROW()-9 -> 40 | B49: {=XLOOKUP(E49,'GSM T4.2026'!D:D,'GSM T4.2026'!F:F)} -> #N/A | C49: {=XLOOKUP(E49,Sheet6!H:H,Sheet6!G:G)} -> QHG | D49: {=XLOOKUP(E49,'GSM T4.2026'!D:D,#REF!)} -> #N/A | E49: KFM_HCM_TDU - 59 Quốc Hương - MINI | F49: 45764 | G49: =F49-3 -> 45761 | H49: =F49-5 -> 45759 | I49: 12/04 - 20/04 | J49: X | K49: DONE | T49: 31/03/2025 | U49: 45965
A50: =ROW()-9 -> 41 | B50: {=XLOOKUP(E50,'GSM T4.2026'!D:D,'GSM T4.2026'!F:F)} -> #N/A | C50: {=XLOOKUP(E50,Sheet6!H:H,Sheet6!G:G)} -> DXH | D50: {=XLOOKUP(E50,'GSM T4.2026'!D:D,#REF!)} -> #N/A | E50: KFM_HCM_TDU - 539 Đỗ Xuân Hợp - MINI | F50: 45766 | G50: =F50-3 -> 45763 | H50: =F50-5 -> 45761 | I50: 14/04 - 22/04 | J50: X | K50: DONE | T50: 45692 | U50: 45995
A51: =ROW()-9 -> 42 | B51: {=XLOOKUP(E51,'GSM T4.2026'!D:D,'GSM T4.2026'!F:F)} -> #N/A | C51: {=XLOOKUP(E51,Sheet6!H:H,Sheet6!G:G)} -> VTG | D51: {=XLOOKUP(E51,'GSM T4.2026'!D:D,#REF!)} -> #N/A | E51: KFM_HCM_BTH - 86B Vũ Tùng - MINI | F51: 19-04-25 | G51: 16-04-25 | H51: 45761 | I51: 14/04 - 22/04 | J51: X | K51: DONE | L51: 45935 | T51: 45781 | U51: 13/04/2025
A52: =ROW()-9 -> 43 | B52: {=XLOOKUP(E52,'GSM T4.2026'!D:D,'GSM T4.2026'!F:F)} -> #N/A | C52: {=XLOOKUP(E52,Sheet6!H:H,Sheet6!G:G)} -> VH3 | D52: {=XLOOKUP(E52,'GSM T4.2026'!D:D,#REF!)} -> #N/A | E52: KFM_HCM_TDU - S1.05 Vinhomes Grand Park - MINI | F52: 45770 | G52: =F52-3 -> 45767 | H52: =F52-5 -> 45765 | I52: 19/04 - 27/04 | J52: X | K52: DONE | T52: 45781 | U52: 13/04/2025
A53: =ROW()-9 -> 44 | B53: {=XLOOKUP(E53,'GSM T4.2026'!D:D,'GSM T4.2026'!F:F)} -> #N/A | C53: {=XLOOKUP(E53,Sheet6!H:H,Sheet6!G:G)} -> CHR | D53: {=XLOOKUP(E53,'GSM T4.2026'!D:D,#REF!)} -> #N/A | E53: KFM_BDU_DAN - S01.11 Block A1 Charm Sapphire - MINI | F53: 45770 | G53: =F53-3 -> 45767 | H53: =F53-5 -> 45765 | I53: 17/04 - 26/04 | J53: X | K53: DONE | T53: 25/08/2025 | U53: 31/08/2025
A54: =ROW()-9 -> 45 | B54: {=XLOOKUP(E54,'GSM T4.2026'!D:D,'GSM T4.2026'!F:F)} -> #N/A | C54: {=XLOOKUP(E54,Sheet6!H:H,Sheet6!G:G)} -> HHG | D54: {=XLOOKUP(E54,'GSM T4.2026'!D:D,#REF!)} -> #N/A | E54: KFM_HCM_Q10 - 103 Hòa Hưng - MINI | F54: 24-04-25 | G54: 21-04-25 | H54: 45766 | I54: 19/04 - 27/04 | J54: X | K54: DONE | T54: 45842 | U54: 17/04/2025
A55: =ROW()-9 -> 46 | B55: {=XLOOKUP(E55,'GSM T4.2026'!D:D,'GSM T4.2026'!F:F)} -> #N/A | C55: {=XLOOKUP(E55,Sheet6!H:H,Sheet6!G:G)} -> TNT | D55: {=XLOOKUP(E55,'GSM T4.2026'!D:D,#REF!)} -> #N/A | E55: KFM_HCM_GVA - 195 Thống Nhất - MART | F55: 45771 | G55: =F55-3 -> 45768 | H55: =F55-5 -> 45766 | I55: 19/04 - 27/04 | J55: X | K55: DONE | T55: 45842 | U55: 17/04/2025
A56: =ROW()-9 -> 47 | B56: {=XLOOKUP(E56,'GSM T4.2026'!D:D,'GSM T4.2026'!F:F)} -> #N/A | C56: {=XLOOKUP(E56,Sheet6!H:H,Sheet6!G:G)} -> AV4 | D56: {=XLOOKUP(E56,'GSM T4.2026'!D:D,#REF!)} -> #N/A | E56: KFM_HCM_TDU - SAV_04-00.03 The Sun Avenue - MINI | F56: 45774 | G56: =F56-3 -> 45771 | H56: =F56-5 -> 45769 | I56: 21/04 - 01/05 | J56: X | K56: DONE | T56: 45842 | U56: 18/04/2025
A57: =ROW()-9 -> 48 | B57: {=XLOOKUP(E57,'GSM T4.2026'!D:D,'GSM T4.2026'!F:F)} -> #N/A | C57: {=XLOOKUP(E57,Sheet6!H:H,Sheet6!G:G)} -> EH3 | D57: {=XLOOKUP(E57,'GSM T4.2026'!D:D,#REF!)} -> #N/A | E57: KFM_HCM_BTA - A10-0.02 Ehome 3 - MINI | F57: 45784 | G57: =F57-3 -> 45781 | H57: =F57-5 -> 45779 | I57: 28/04 - 10/05 | J57: X | K57: DONE | T57: 45995 | U57: 20/04/2025
A58: =ROW()-9 -> 49 | B58: {=XLOOKUP(E58,'GSM T4.2026'!D:D,'GSM T4.2026'!F:F)} -> #N/A | C58: {=XLOOKUP(E58,Sheet6!H:H,Sheet6!G:G)} -> TNO | D58: {=XLOOKUP(E58,'GSM T4.2026'!D:D,#REF!)} -> #N/A | E58: KFM_HCM_TDU - 46 Trần Não - MINI | F58: 45789 | G58: 45786 | H58: 45784 | I58: 05/05 - 15/05 | J58: X | K58: DONE | T58: 14/04/2025 | U58: 22/04/2025
A59: =ROW()-9 -> 50 | B59: {=XLOOKUP(E59,'GSM T4.2026'!D:D,'GSM T4.2026'!F:F)} -> #N/A | C59: {=XLOOKUP(E59,Sheet6!H:H,Sheet6!G:G)} -> BCG | D59: {=XLOOKUP(E59,'GSM T4.2026'!D:D,#REF!)} -> #N/A | E59: KFM_BDU_DAN - SH01 BCons Garden - MINI | F59: 45790 | G59: =F59-3 -> 45787 | H59: =F59-5 -> 45785 | I59: 05/05 - 16/05 | J59: X | K59: DONE | T59: 14/04/2025 | U59: 22/042025
A60: =ROW()-9 -> 51 | B60: {=XLOOKUP(E60,'GSM T4.2026'!D:D,'GSM T4.2026'!F:F)} -> #N/A | C60: {=XLOOKUP(E60,Sheet6!H:H,Sheet6!G:G)} -> OPS | D60: {=XLOOKUP(E60,'GSM T4.2026'!D:D,#REF!)} -> #N/A | E60: KFM_BDU_TAN - B.01.04 Tháp B Opal Skyline - MINI | F60: 45790 | G60: =F60-3 -> 45787 | H60: =F60-5 -> 45785 | I60: 09/05 - 21/05 | J60: X | K60: DONE | T60: 19/04/2025 | U60: 27/04/2025
A61: =ROW()-9 -> 52 | B61: {=XLOOKUP(E61,'GSM T4.2026'!D:D,'GSM T4.2026'!F:F)} -> #N/A | C61: {=XLOOKUP(E61,Sheet6!H:H,Sheet6!G:G)} -> LVT | D61: {=XLOOKUP(E61,'GSM T4.2026'!D:D,#REF!)} -> #N/A | E61: KFM_HCM_GVA - 308 Lê Văn Thọ - MINI | F61: 45790 | G61: =F61-3 -> 45787 | H61: =F61-5 -> 45785 | I61: 08/05 - 20/05 | J61: X | K61: DONE | T61: 17/04/2025 | U61: 26/04/2025
A62: =ROW()-9 -> 53 | B62: {=XLOOKUP(E62,'GSM T4.2026'!D:D,'GSM T4.2026'!F:F)} -> #N/A | C62: {=XLOOKUP(E62,Sheet6!H:H,Sheet6!G:G)} -> DS3 | D62: {=XLOOKUP(E62,'GSM T4.2026'!D:D,#REF!)} -> #N/A | E62: KFM_HCM_TDU - 63 Đường Số 3 - MINI | F62: 45791 | G62: =F62-3 -> 45788 | H62: =F62-5 -> 45786 | I62: 07/05 - 21/05 | J62: X | K62: DONE | T62: 19/04/2025 | U62: 27/04/2025
A63: =ROW()-9 -> 54 | B63: {=XLOOKUP(E63,'GSM T4.2026'!D:D,'GSM T4.2026'!F:F)} -> #N/A | C63: {=XLOOKUP(E63,Sheet6!H:H,Sheet6!G:G)} -> CN1 | D63: {=XLOOKUP(E63,'GSM T4.2026'!D:D,#REF!)} -> #N/A | E63: KFM_HCM_TPH - 48 CN1 - MINI | F63: 45792 | G63: =F63-3 -> 45789 | H63: =F63-5 -> 45787 | I63: 10/05 - 22/05 | J63: X | K63: DONE | L63: 45935 | T63: 19/04/2025 | U63: 27/04/2025
A64: =ROW()-9 -> 55 | B64: {=XLOOKUP(E64,'GSM T4.2026'!D:D,'GSM T4.2026'!F:F)} -> #N/A | C64: {=XLOOKUP(E64,Sheet6!H:H,Sheet6!G:G)} -> EHS | D64: {=XLOOKUP(E64,'GSM T4.2026'!D:D,#REF!)} -> #N/A | E64: KFM_HCM_TDU - A0.01 EHomeS Phú Hữu - MINI | F64: 45792 | G64: =F64-3 -> 45789 | H64: =F64-5 -> 45787 | I64: 09/05 - 22/05 | J64: X | K64: DONE | M64: Thay đổi Lịch | T64: 21/04/2025 | U64: 45662
A65: =ROW()-9 -> 56 | B65: {=XLOOKUP(E65,'GSM T4.2026'!D:D,'GSM T4.2026'!F:F)} -> #N/A | C65: {=XLOOKUP(E65,Sheet6!H:H,Sheet6!G:G)} -> TMY | D65: {=XLOOKUP(E65,'GSM T4.2026'!D:D,#REF!)} -> #N/A | E65: KFM_HCM_Q07 - 31 Tân Mỹ - MART | F65: 45792 | G65: =F65-3 -> 45789 | H65: =F65-5 -> 45787 | I65: 10/05 - 22/05 | J65: X | K65: DONE | L65: 45935 | T65: 28/04/2025 | U65: 45874
A66: =ROW()-9 -> 57 | C66: {=XLOOKUP(E66,Sheet6!H:H,Sheet6!G:G)} -> LVS | E66: KFM_HCM_TBI - 343 Lê Văn Sỹ - MART | F66: 45793 | G66: =F66-3 -> 45790 | H66: =F66-5 -> 45788 | I66: 10/05 - 23/05 | J66: X | K66: DONE | M66: Thay đổi Lịch | T66: 28/04/2025 | U66: 45935
A67: =ROW()-9 -> 58 | B67: {=XLOOKUP(E67,'GSM T4.2026'!D:D,'GSM T4.2026'!F:F)} -> #N/A | C67: {=XLOOKUP(E67,Sheet6!H:H,Sheet6!G:G)} -> NTU | D67: {=XLOOKUP(E67,'GSM T4.2026'!D:D,#REF!)} -> #N/A | E67: KFM_HCM_BTA - 46 Nguyễn Thị Tú - MINI | F67: 45794 | G67: =F67-3 -> 45791 | H67: =F67-5 -> 45789 | I67: 12/05 - 24/05 | J67: X | K67: DONE | T67: 45782 | U67: 13/05/2025
A68: =ROW()-9 -> 59 | B68: {=XLOOKUP(E68,'GSM T4.2026'!D:D,'GSM T4.2026'!F:F)} -> #N/A | C68: {=XLOOKUP(E68,Sheet6!H:H,Sheet6!G:G)} -> VLA | D68: {=XLOOKUP(E68,'GSM T4.2026'!D:D,#REF!)} -> #N/A | E68: KFM_HCM_TPH - 128 Vườn Lài - MINI | F68: 45795 | G68: =F68-3 -> 45792 | H68: =F68-5 -> 45790 | I68: 12/05 - 25/05 | J68: X | K68: DONE | T68: 45782 | U68: 14/05/2025
A69: =ROW()-9 -> 60 | B69: {=XLOOKUP(E69,'GSM T4.2026'!D:D,'GSM T4.2026'!F:F)} -> #N/A | C69: {=XLOOKUP(E69,Sheet6!H:H,Sheet6!G:G)} -> VH5 | D69: {=XLOOKUP(E69,'GSM T4.2026'!D:D,#REF!)} -> #N/A | E69: KFM_HCM_TDU - S03.05 Vinhomes Grand Park - MINI | F69: 45796 | G69: =F69-3 -> 45793 | H69: =F69-5 -> 45791 | I69: 14/05 - 26/05 | J69: X | K69: DONE | M69: Thay đổi Lịch | T69: 45782 | U69: 15/05/2025
A70: =ROW()-9 -> 61 | B70: {=XLOOKUP(E70,'GSM T4.2026'!D:D,'GSM T4.2026'!F:F)} -> #N/A | C70: {=XLOOKUP(E70,Sheet6!H:H,Sheet6!G:G)} -> HNG | D70: {=XLOOKUP(E70,'GSM T4.2026'!D:D,#REF!)} -> #N/A | E70: KFM_HCM_Q08 - 296 Hoàng Ngân - MINI | F70: 45798 | G70: =F70-3 -> 45795 | H70: =F70-5 -> 45793 | I70: 16/05 - 28/05 | J70: X | K70: DONE | T70: 45782 | U70: 15/05/2025
A71: =ROW()-9 -> 62 | B71: {=XLOOKUP(E71,'GSM T4.2026'!D:D,'GSM T4.2026'!F:F)} -> #N/A | C71: {=XLOOKUP(E71,Sheet6!H:H,Sheet6!G:G)} -> HV2 | D71: {=XLOOKUP(E71,'GSM T4.2026'!D:D,#REF!)} -> #N/A | E71: KFM_HCM_Q07 - R13 Hưng Vượng 2 - MINI | F71: 46014 | G71: =F71-3 -> 46011 | H71: =F71-5 -> 46009 | I71: 16/12/2025 - 26/12/2025 | J71: X | K71: DONE | T71: 45782 | U71: 16/05/2025
A72: =ROW()-9 -> 63 | B72: {=XLOOKUP(E72,'GSM T4.2026'!D:D,'GSM T4.2026'!F:F)} -> #N/A | C72: {=XLOOKUP(E72,Sheet6!H:H,Sheet6!G:G)} -> PHL | D72: {=XLOOKUP(E72,'GSM T4.2026'!D:D,#REF!)} -> #N/A | E72: KFM_HCM_Q07 - 233 Phạm Hữu Lầu - MINI | F72: 45826 | G72: =F72-3 -> 45823 | H72: =F72-5 -> 45821 | I72: 09/06 - 21/06 | J72: X | K72: DONE | T72: 45935 | U72: 22/05/2025
A73: =ROW()-9 -> 64 | B73: {=XLOOKUP(E73,'GSM T4.2026'!D:D,'GSM T4.2026'!F:F)} -> #N/A | C73: {=XLOOKUP(E73,Sheet6!H:H,Sheet6!G:G)} -> NVT | D73: {=XLOOKUP(E73,'GSM T4.2026'!D:D,#REF!)} -> #N/A | E73: KFM_HCM_Q09 - 367 Nguyễn Văn Tăng - MINI | F73: 45828 | G73: =F73-3 -> 45825 | H73: =F73-5 -> 45823 | I73: 16/06 - 23/06 | J73: X | K73: DONE | T73: 45996 | U73: 24/05/2025
A74: =ROW()-9 -> 65 | B74: {=XLOOKUP(E74,'GSM T4.2026'!D:D,'GSM T4.2026'!F:F)} -> #N/A | C74: {=XLOOKUP(E74,Sheet6!H:H,Sheet6!G:G)} -> LVH | D74: {=XLOOKUP(E74,'GSM T4.2026'!D:D,#REF!)} -> #N/A | E74: KFM_HCM_TDU - 222 Lê Văn Thịnh - MINI | F74: 45831 | G74: =F74-3 -> 45828 | H74: =F74-5 -> 45826 | I74: 18/06 - 25/06 | J74: X | K74: DONE | M74: Thay đổi Lịch | T74: 45843 | U74: 21/05/2025
A75: =ROW()-9 -> 66 | B75: {=XLOOKUP(E75,'GSM T4.2026'!D:D,'GSM T4.2026'!F:F)} -> #N/A | C75: {=XLOOKUP(E75,Sheet6!H:H,Sheet6!G:G)} -> MTE | D75: {=XLOOKUP(E75,'GSM T4.2026'!D:D,#REF!)} -> #N/A | E75: KFM_HCM_TDU - D01.14 MT Eastmark City - MINI | F75: 45831 | G75: =F75-3 -> 45828 | H75: =F75-5 -> 45826 | I75: 16/06 - 26/06 | J75: X | K75: DONE | T75: 45996 | U75: 25/05/2025
A76: =ROW()-9 -> 67 | B76: {=XLOOKUP(E76,'GSM T4.2026'!D:D,'GSM T4.2026'!F:F)} -> #N/A | C76: {=XLOOKUP(E76,Sheet6!H:H,Sheet6!G:G)} -> NHG | D76: {=XLOOKUP(E76,'GSM T4.2026'!D:D,#REF!)} -> #N/A | E76: KFM_HCM_GVA - 15 Nguyên Hồng - MINI | F76: 45835 | G76: =F76-3 -> 45832 | H76: =F76-5 -> 45830 | I76: 22/06 - 30/06 | J76: X | K76: DONE | M76: Thay đổi Lịch | T76: 45996 | U76: 22/05/2025
A77: =ROW()-9 -> 68 | B77: {=XLOOKUP(E77,'GSM T4.2026'!D:D,'GSM T4.2026'!F:F)} -> #N/A | C77: {=XLOOKUP(E77,Sheet6!H:H,Sheet6!G:G)} -> PVB | D77: {=XLOOKUP(E77,'GSM T4.2026'!D:D,#REF!)} -> #N/A | E77: KFM_HCM_GVA - 446 Phạm Văn Bạch - MINI | F77: 45855 | G77: =F77-3 -> 45852 | H77: =F77-5 -> 45850 | I77: 10/07 - 20/07 | J77: X | K77: DONE | M77: Gsm đề xuất | T77: 16/05/2025 | U77: 28/05/2025
A78: =ROW()-9 -> 69 | B78: {=XLOOKUP(E78,'GSM T4.2026'!D:D,'GSM T4.2026'!F:F)} -> #N/A | C78: {=XLOOKUP(E78,Sheet6!H:H,Sheet6!G:G)} -> BQI | D78: {=XLOOKUP(E78,'GSM T4.2026'!D:D,#REF!)} -> #N/A | E78: KFM_HCM_BTH - 107 Bình Quới - MINI | F78: 45858 | G78: =F78-3 -> 45855 | H78: =F78-5 -> 45853 | I78: 17/07 - 23/07 | J78: X | K78: DONE | M78: Thay đổi Lịch | T78: 17/05/2025 | U78: 29/05/2025
A79: =ROW()-9 -> 70 | B79: {=XLOOKUP(E79,'GSM T4.2026'!D:D,'GSM T4.2026'!F:F)} -> #N/A | C79: {=XLOOKUP(E79,Sheet6!H:H,Sheet6!G:G)} -> AKR | D79: {=XLOOKUP(E79,'GSM T4.2026'!D:D,#REF!)} -> #N/A | E79: KFM_HCM_BTA - AK4 Akari City - MINI | F79: 45859 | G79: =F79-3 -> 45856 | H79: =F79-5 -> 45854 | I79: 15/07 - 23/07 | J79: X | K79: DONE | M79: Thay đổi Lịch | T79: 16/10/2025 | U79: 20/10/2025
A80: =ROW()-9 -> 71 | B80: {=XLOOKUP(E80,'GSM T4.2026'!D:D,'GSM T4.2026'!F:F)} -> #N/A | C80: {=XLOOKUP(E80,Sheet6!H:H,Sheet6!G:G)} -> EMR | D80: {=XLOOKUP(E80,'GSM T4.2026'!D:D,#REF!)} -> #N/A | E80: KFM_BDU_TAN - Block A Emerald Golf View - MINI | F80: 45860 | G80: =F80-3 -> 45857 | H80: =F80-5 -> 45855 | I80: 17/07 - 27/07 | J80: X | K80: DONE | M80: Thay đổi Lịch | T80: 45849 | U80: 13/11/2025
A81: =ROW()-9 -> 72 | B81: {=XLOOKUP(E81,'GSM T4.2026'!D:D,'GSM T4.2026'!F:F)} -> #N/A | C81: {=XLOOKUP(E81,Sheet6!H:H,Sheet6!G:G)} -> RVS | D81: {=XLOOKUP(E81,'GSM T4.2026'!D:D,#REF!)} -> #N/A | E81: KFM_HCM_Q07 - C0.01 Riverside Phú Mỹ Hưng - MART | F81: 45874 | G81: =F81-3 -> 45871 | H81: =F81-5 -> 45869 | I81: 30/07 - 10/08 | J81: X | K81: DONE | M81: Thay đổi Lịch | T81: 45905 | U81: 21/05/2025
A82: =ROW()-9 -> 73 | B82: {=XLOOKUP(E82,'GSM T4.2026'!D:D,'GSM T4.2026'!F:F)} -> #N/A | C82: {=XLOOKUP(E82,Sheet6!H:H,Sheet6!G:G)} -> MZ2 | D82: {=XLOOKUP(E82,'GSM T4.2026'!D:D,#REF!)} -> #N/A | E82: KFM_HCM_BCH - A7-8 Valora Mizuki - MINI | F82: 45876 | G82: =F82-3 -> 45873 | H82: =F82-5 -> 45871 | I82: 02/08 - 10/08 | J82: X | K82: DONE | T82: 18/06/2025 | U82: 25/06/2025
A83: =ROW()-9 -> 74 | B83: {=XLOOKUP(E83,'GSM T4.2026'!D:D,'GSM T4.2026'!F:F)} -> #N/A | C83: {=XLOOKUP(E83,Sheet6!H:H,Sheet6!G:G)} -> GHA | D83: {=XLOOKUP(E83,'GSM T4.2026'!D:D,#REF!)} -> #N/A | E83: KFM_HCM_TDU - The Art Gia Hòa - MART | F83: 45878 | G83: =F83-3 -> 45875 | H83: =F83-5 -> 45873 | I83: 04/08 - 12/08 | J83: X | K83: DONE | T83: 45935 | U83: 23/05/2025
A84: =ROW()-9 -> 75 | B84: {=XLOOKUP(E84,'GSM T4.2026'!D:D,'GSM T4.2026'!F:F)} -> #N/A | C84: {=XLOOKUP(E84,Sheet6!H:H,Sheet6!G:G)} -> HHT | D84: {=XLOOKUP(E84,'GSM T4.2026'!D:D,#REF!)} -> #N/A | E84: KFM_HCM_TBI - 22 Hoàng Hoa Thám - MART | F84: 45883 | G84: =F84-3 -> 45880 | H84: =F84-5 -> 45878 | I84: 08/08 - 18/08 | J84: X | K84: DONE | M84: Thay đổi Lịch | T84: 45906 | U84: 17/06/2025
A85: =ROW()-9 -> 76 | B85: {=XLOOKUP(E85,'GSM T4.2026'!D:D,'GSM T4.2026'!F:F)} -> #N/A | C85: {=XLOOKUP(E85,Sheet6!H:H,Sheet6!G:G)} -> RS4 | D85: {=XLOOKUP(E85,'GSM T4.2026'!D:D,#REF!)} -> #N/A | E85: KFM_HCM_TPH - RS4 Richstar - MINI | F85: 45896 | G85: =F85-3 -> 45893 | H85: =F85-5 -> 45891 | I85: 25/08 - 31/08 | J85: X | K85: DONE | M85: Thay đổi Lịch | N85: Kiểm kê Tổng L2 | T85: 45906 | U85: 19/06/2025
A86: =ROW()-9 -> 77 | B86: {=XLOOKUP(E86,'GSM T4.2026'!D:D,'GSM T4.2026'!F:F)} -> #N/A | C86: {=XLOOKUP(E86,Sheet6!H:H,Sheet6!G:G)} -> BVB | D86: {=XLOOKUP(E86,'GSM T4.2026'!D:D,#REF!)} -> #N/A | E86: KFM_HCM_Q07 - 43 Bùi Văn Ba - MINI | F86: 45898 | G86: =F86-3 -> 45895 | H86: =F86-5 -> 45893 | I86: 25/08 - 31/08 | J86: X | K86: DONE | M86: Kiểm kê Tổng L2 | N86: L1 T4 / KK bàn giao | T86: 15/07/2025 | U86: 23/07/2025
A87: =ROW()-9 -> 78 | B87: {=XLOOKUP(E87,'GSM T4.2026'!D:D,'GSM T4.2026'!F:F)} -> #N/A | C87: {=XLOOKUP(E87,Sheet6!H:H,Sheet6!G:G)} -> HHM | D87: {=XLOOKUP(E87,'GSM T4.2026'!D:D,#REF!)} -> #N/A | E87: KFM_HCM_TBI - 165 Hoàng Hoa Thám - MINI | F87: 45931 | G87: =F87-3 -> 45928 | H87: =F87-5 -> 45926 | I87: 22/09 - 04/10 | J87: X | K87: DONE | T87: 16/06/2025 | U87: 23/06/2025
A88: =ROW()-9 -> 79 | B88: {=XLOOKUP(E88,'GSM T4.2026'!D:D,'GSM T4.2026'!F:F)} -> #N/A | C88: {=XLOOKUP(E88,Sheet6!H:H,Sheet6!G:G)} -> CKO | D88: {=XLOOKUP(E88,'GSM T4.2026'!D:D,#REF!)} -> #N/A | E88: KFM_HCM_TPH - 85 Cây Keo - MINI | F88: 45931 | G88: =F88-3 -> 45928 | H88: =F88-5 -> 45926 | I88: 22/09 - 04/10 | J88: X | K88: DONE | T88: 16/06/2025 | U88: 26/06/2025
A89: =ROW()-9 -> 80 | B89: {=XLOOKUP(E89,'GSM T4.2026'!D:D,'GSM T4.2026'!F:F)} -> #N/A | C89: {=XLOOKUP(E89,Sheet6!H:H,Sheet6!G:G)} -> NDH | D89: {=XLOOKUP(E89,'GSM T4.2026'!D:D,#REF!)} -> #N/A | E89: KFM_HCM_TDU - 1426 Nguyễn Duy Trinh - MINI | F89: 45932 | G89: =F89-3 -> 45929 | H89: =F89-5 -> 45927 | I89: 22/09 - 05/10 | J89: X | K89: DONE | T89: 45788 | U89: 13/11/2025
A90: =ROW()-9 -> 81 | B90: {=XLOOKUP(E90,'GSM T4.2026'!D:D,'GSM T4.2026'!F:F)} -> #N/A | C90: {=XLOOKUP(E90,Sheet6!H:H,Sheet6!G:G)} -> VH4 | D90: {=XLOOKUP(E90,'GSM T4.2026'!D:D,#REF!)} -> #N/A | E90: KFM_HCM_TDU - S07.02 Vinhomes Grand Park - MINI | F90: 45943 | G90: =F90-3 -> 45940 | H90: =F90-5 -> 45938 | I90: 06/10 - 16/10 | J90: X | K90: DONE | T90: 45935 | U90: 22/05/2025
A91: =ROW()-9 -> 82 | B91: {=XLOOKUP(E91,'GSM T4.2026'!D:D,'GSM T4.2026'!F:F)} -> #N/A | C91: {=XLOOKUP(E91,Sheet6!H:H,Sheet6!G:G)} -> DS10 | D91: {=XLOOKUP(E91,'GSM T4.2026'!D:D,#REF!)} -> #N/A | E91: KFM_HCM_Q7 - 01 Đường Số 10 Tân Kiểng - MINI | F91: 45945 | G91: =F91-3 -> 45942 | H91: =F91-5 -> 45940 | I91: 13/10 - 19/10 | J91: X | K91: DONE | M91: GSM kết hợp KK bàn giao | N91: 23/04/2025 | O91: 24/04/2025 | P91: 24/04/2025 | Q91: 25/04/2025 | R91: 26/04/2025 | T91: 45874 | U91: 20/05/2025
A92: =ROW()-9 -> 83 | B92: {=XLOOKUP(E92,'GSM T4.2026'!D:D,'GSM T4.2026'!F:F)} -> #N/A | C92: {=XLOOKUP(E92,Sheet6!H:H,Sheet6!G:G)} -> CLD | D92: {=XLOOKUP(E92,'GSM T4.2026'!D:D,#REF!)} -> #N/A | E92: KFM_HCM_TPH - S1.0.38 Block A5 Diamond Celadon City - MINI | F92: 45946 | G92: =F92-3 -> 45943 | H92: =F92-5 -> 45941 | I92: 10/10 - 18/10 | J92: X | K92: DONE | M92: Gsm đề xuất | N92: Do trùng ngày kk | T92: 28/07/2025 | U92: 45908
A93: =ROW()-9 -> 84 | B93: {=XLOOKUP(E93,'GSM T4.2026'!D:D,'GSM T4.2026'!F:F)} -> #N/A | C93: {=XLOOKUP(E93,Sheet6!H:H,Sheet6!G:G)} -> VH6 | D93: {=XLOOKUP(E93,'GSM T4.2026'!D:D,#REF!)} -> #N/A | E93: KFM_HCM_TDU - GH5 Vinhomes Grand Park - MINI | F93: 45946 | G93: =F93-3 -> 45943 | H93: =F93-5 -> 45941 | I93: 12/10 - 21/10 | J93: X | K93: DONE | M93: Gsm đề xuất | T93: 28/07/2025 | U93: 45908
A94: =ROW()-9 -> 85 | B94: {=XLOOKUP(E94,'GSM T4.2026'!D:D,'GSM T4.2026'!F:F)} -> #N/A | C94: {=XLOOKUP(E94,Sheet6!H:H,Sheet6!G:G)} -> A101 | D94: {=XLOOKUP(E94,'GSM T4.2026'!D:D,#REF!)} -> #N/A | E94: KFM_BDU_DAN - 27 Tân Lập - MINI | F94: 45946 | G94: =F94-3 -> 45943 | H94: =F94-5 -> 45941 | I94: 12/10 - 21/10 | J94: X | K94: DONE | M94: Gsm đề xuất | T94: 45696 | U94: 45938
A95: =ROW()-9 -> 86 | B95: {=XLOOKUP(E95,'GSM T4.2026'!D:D,'GSM T4.2026'!F:F)} -> #N/A | C95: {=XLOOKUP(E95,Sheet6!H:H,Sheet6!G:G)} -> NVK | D95: {=XLOOKUP(E95,'GSM T4.2026'!D:D,#REF!)} -> #N/A | E95: KFM_HCM_GVA - 299 Nguyễn Văn Khối - MINI | F95: 45950 | G95: =F95-3 -> 45947 | H95: =F95-5 -> 45945 | I95: 13/10 - 23/10 | J95: X | K95: DONE | T95: 45696 | U95: 45938
A96: =ROW()-9 -> 87 | B96: {=XLOOKUP(E96,'GSM T4.2026'!D:D,'GSM T4.2026'!F:F)} -> #N/A | C96: {=XLOOKUP(E96,Sheet6!H:H,Sheet6!G:G)} -> A104 | D96: {=XLOOKUP(E96,'GSM T4.2026'!D:D,#REF!)} -> #N/A | E96: KFM_HCM_NBE - 5/3D Huỳnh Tấn Phát - MINI | F96: 45950 | G96: =F96-3 -> 45947 | H96: =F96-5 -> 45945 | I96: 15/10 - 23/10 | J96: X | K96: DONE | M96: Gsm đề xuất | T96: 45755 | U96: 45999
A97: =ROW()-9 -> 88 | B97: {=XLOOKUP(E97,'GSM T4.2026'!D:D,'GSM T4.2026'!F:F)} -> #N/A | C97: NTN | D97: {=XLOOKUP(E97,'GSM T4.2026'!D:D,#REF!)} -> #N/A | E97: KFM_HCM_PNH - 154 Nguyễn Trọng Tuyển - MINI | F97: 45951 | G97: =F97-3 -> 45948 | H97: =F97-5 -> 45946 | I97: 15/10 - 24/10 | J97: X | K97: DONE | M97: Gsm đề xuất | T97: 25/08/2025 | U97: 31/08/2025
A98: =ROW()-9 -> 89 | B98: {=XLOOKUP(E98,'GSM T4.2026'!D:D,'GSM T4.2026'!F:F)} -> #N/A | C98: {=XLOOKUP(E98,Sheet6!H:H,Sheet6!G:G)} -> Q50 | D98: {=XLOOKUP(E98,'GSM T4.2026'!D:D,#REF!)} -> #N/A | E98: KFM_HCM_BCH - 511 Quốc lộ 50 - MART | F98: 45952 | G98: =F98-3 -> 45949 | H98: =F98-5 -> 45947 | I98: 13/10 - 25/10 | J98: X | K98: DONE | T98: 45666 | U98: 45909
A99: =ROW()-9 -> 90 | B99: {=XLOOKUP(E99,'GSM T4.2026'!D:D,'GSM T4.2026'!F:F)} -> #N/A | C99: {=XLOOKUP(E99,Sheet6!H:H,Sheet6!G:G)} -> A105 | D99: {=XLOOKUP(E99,'GSM T4.2026'!D:D,#REF!)} -> #N/A | E99: KFM_HCM_TDU - 02 Lê Lợi - MINI | F99: 45952 | G99: =F99-3 -> 45949 | H99: =F99-5 -> 45947 | I99: 16/10 - 26/10 | J99: X | K99: DONE | M99: Gsm đề xuất | T99: 45666 | U99: 45939
A100: =ROW()-9 -> 91 | B100: {=XLOOKUP(E100,'GSM T4.2026'!D:D,'GSM T4.2026'!F:F)} -> #N/A | C100: {=XLOOKUP(E100,Sheet6!H:H,Sheet6!G:G)} -> A107 | D100: {=XLOOKUP(E100,'GSM T4.2026'!D:D,#REF!)} -> #N/A | E100: KFM_HCM_TDU - 05 Đường D3 Phước Long - MINI | F100: 45952 | G100: =F100-3 -> 45949 | H100: =F100-5 -> 45947 | I100: 16/10 - 26/10 | J100: X | K100: DONE | M100: Gsm đề xuất | T100: 45666 | U100: 45970
...

Sheet Lịch Kiểm kê 2026
F1: LỊCH KIỂM KÊ TỔNG 2026 | L1: GSM Báo đổi
F2: Thời gian: | L2: Thay đổi 7-10 ngày hiện tại => mới điều chỉnh kịp
C3: SDT IT hỗ trợ khi ST gặp sự cố trong lúc kiểm kê | F3: Ngô Quang Cẩm Tú | I3: 0386446113 | P3: DONE
F4: Hoàng Ngọc Long | I4: 0981683801
F5: Tô Thanh Vinh | I5: 0877410295
F6: Nguyễn Thanh Tùng | I6: 0367910431
F7: Nguyễn Xuân Hoánh | I7: 0886485610
L8: SOC | Q8: Dành cho các ST đã thực hiện kiểm kê bàn giao full 5 ngành hàng => điền ngày đã kiểm kê tương ứng vào bên dưới
A9: STT | B9: OPENNING | C9: GSM | D9: ID Mart | E9: KV | F9: Tên Siêu thị | G9: Ngày kiểm kê tổng 2025 | H9: Số ngày đã KK Tổng | I9: Ngày kiểm kê tổng 2026 | J9: Ngày kiểm Fresh food | K9: Ngày đổ phiếu tổng | L9: Ngưng kiểm kê Daily | M9: Đã cài lịch kiểm kê | N9: NGÀY KIỂM KÊ TÀI SẢN , VPP , CCDC | O9: Số ngày đến ngày đổ phiếu tổng | P9: Note | Q9: 1.BAKERY AND DELICA | R9: 1.CHILLED AND FROZEN | S9: 1.DAIRY AND ICE CREAM | T9: 1.FMCG | U9: 1.FRESH FOOD | V9: Ngày kiểm Fresh food thực tê | W9: Bắt đầu Ngưng Kiểm kê Daily | X9: Kết Thúc Ngưng Kiểm kê Daily | Y9: Tháng | Z9: Note
A10: =ROW()-9 -> 1 | B10: {=XLOOKUP(D10,'GSM T4.2026'!$B$1:$B$996,'GSM T4.2026'!$C$1:$C$996)} -> 31/05/2025 | C10: {=XLOOKUP(F10,'GSM T4.2026'!D:D,'GSM T4.2026'!F:F)} -> Nguyễn Thị Ngọc Bích | D10: {=XLOOKUP(F10,'GSM T4.2026'!$D:$D,'GSM T4.2026'!$B:$B)} -> VH7 | E10: {=XLOOKUP(F10,'GSM T4.2026'!D:D,'GSM T4.2026'!$E:$E)} -> HCM 005 | F10: KFM_HCM_TDU - BS11 Vinhomes Grand Park | G10: 45988 | H10: =TODAY()-G10 -> 182 | I10: 46037 | J10: =I10-2 -> 46035 | K10: =I10-4 -> 46033 | L10: 11/01/2026 - 19/01/2026 | M10: DONE | O10: =if(K10-TODAY()<0,0,K10-today()) -> 0 | P10: KK TỔNG BÀN GIAO | Y10: =MONTH(I10) -> 1
A11: =ROW()-9 -> 2 | B11: {=XLOOKUP(D11,'GSM T4.2026'!$B$1:$B$996,'GSM T4.2026'!$C$1:$C$996)} -> 22/03/2025 | C11: {=XLOOKUP(F11,'GSM T4.2026'!D:D,'GSM T4.2026'!F:F)} -> Lê Nguyễn Ngọc Phượng | D11: {=XLOOKUP(F11,'GSM T4.2026'!$D:$D,'GSM T4.2026'!$B:$B)} -> KDG | E11: {=XLOOKUP(F11,'GSM T4.2026'!D:D,'GSM T4.2026'!$E:$E)} -> HCM 016 | F11: KFM_HCM_Q03 - 10D Kỳ Đồng | G11: 45984 | H11: =TODAY()-G11 -> 186 | I11: 46041 | J11: =I11-2 -> 46039 | K11: =I11-4 -> 46037 | L11: 15/01/2026 - 22/01/2026 | M11: DONE | O11: =if(K11-TODAY()<0,0,K11-today()) -> 0 | P11: KK TỔNG BÀN GIAO | Y11: =MONTH(I11) -> 1
A12: =ROW()-9 -> 3 | B12: {=XLOOKUP(D12,'GSM T4.2026'!$B$1:$B$996,'GSM T4.2026'!$C$1:$C$996)} -> 45905 | C12: {=XLOOKUP(F12,'GSM T4.2026'!D:D,'GSM T4.2026'!F:F)} -> Trần Hữu Vinh | D12: {=XLOOKUP(F12,'GSM T4.2026'!$D:$D,'GSM T4.2026'!$B:$B)} -> NTN | E12: {=XLOOKUP(F12,'GSM T4.2026'!D:D,'GSM T4.2026'!$E:$E)} -> HCM 015 | F12: KFM_HCM_PNH - 154 Nguyễn Trọng Tuyển | G12: 45951 | H12: =TODAY()-G12 -> 219 | I12: 46041 | J12: =I12-2 -> 46039 | K12: =I12-4 -> 46037 | L12: 15/01/2026 - 22/01/2026 | M12: DONE | O12: =if(K12-TODAY()<0,0,K12-today()) -> 0 | P12: KK TỔNG BÀN GIAO | Y12: =MONTH(I12) -> 1
A13: =ROW()-9 -> 4 | B13: {=XLOOKUP(D13,'GSM T4.2026'!$B$1:$B$996,'GSM T4.2026'!$C$1:$C$996)} -> 14/10/2023 | C13: {=XLOOKUP(F13,'GSM T4.2026'!D:D,'GSM T4.2026'!F:F)} -> Hồng Trọng Nghĩa | D13: {=XLOOKUP(F13,'GSM T4.2026'!$D:$D,'GSM T4.2026'!$B:$B)} -> MZK | E13: {=XLOOKUP(F13,'GSM T4.2026'!D:D,'GSM T4.2026'!$E:$E)} -> HCM 022 | F13: KFM_HCM_BCH - TMDV2 Mizuki Park | G13: 45790 | H13: =TODAY()-G13 -> 380 | I13: 46044 | J13: =I13-2 -> 46042 | K13: =I13-4 -> 46040 | L13: 18/01/2026 - 25/01/2026 | M13: DONE | O13: =if(K13-TODAY()<0,0,K13-today()) -> 0 | P13: KK TỔNG BÀN GIAO | Y13: =MONTH(I13) -> 1
A14: =ROW()-9 -> 5 | B14: {=XLOOKUP(D14,'GSM T4.2026'!$B$1:$B$996,'GSM T4.2026'!$C$1:$C$996)} -> 27/06/2025 | C14: {=XLOOKUP(F14,'GSM T4.2026'!D:D,'GSM T4.2026'!F:F)} -> Hứa Thái Hiển | D14: {=XLOOKUP(F14,'GSM T4.2026'!$D:$D,'GSM T4.2026'!$B:$B)} -> A104 | E14: {=XLOOKUP(F14,'GSM T4.2026'!D:D,'GSM T4.2026'!$E:$E)} -> HCM 023 | F14: KFM_HCM_NBE - 5/3D Huỳnh Tấn Phát | G14: 45950 | H14: =TODAY()-G14 -> 220 | I14: 46044 | J14: =I14-2 -> 46042 | K14: =I14-4 -> 46040 | L14: 19/01/2026 - 25/01/2026 | M14: DONE | O14: =if(K14-TODAY()<0,0,K14-today()) -> 0 | P14: KK TỔNG BÀN GIAO | Y14: =MONTH(I14) -> 1
A15: =ROW()-9 -> 6 | B15: {=XLOOKUP(D15,'GSM T4.2026'!$B$1:$B$996,'GSM T4.2026'!$C$1:$C$996)} -> 45605 | C15: {=XLOOKUP(F15,'GSM T4.2026'!D:D,'GSM T4.2026'!F:F)} -> Nguyễn Thị Ngọc Bích | D15: {=XLOOKUP(F15,'GSM T4.2026'!$D:$D,'GSM T4.2026'!$B:$B)} -> VH5 | E15: {=XLOOKUP(F15,'GSM T4.2026'!D:D,'GSM T4.2026'!$E:$E)} -> HCM 005 | F15: KFM_HCM_TDU - S03.05 Vinhomes Grand Park | G15: 45796 | H15: =TODAY()-G15 -> 374 | I15: 46050 | J15: =I15-2 -> 46048 | K15: =I15-4 -> 46046 | L15: 24/01/2026 - 31/01/2026 | M15: DONE | O15: =if(K15-TODAY()<0,0,K15-today()) -> 0 | P15: KK TỔNG BÀN GIAO | Y15: =MONTH(I15) -> 1
A16: =ROW()-9 -> 7 | B16: {=XLOOKUP(D16,'GSM T4.2026'!$B$1:$B$996,'GSM T4.2026'!$C$1:$C$996)} -> 15/11/2025 | C16: {=XLOOKUP(F16,'GSM T4.2026'!D:D,'GSM T4.2026'!F:F)} -> Hồ Xuân Thịnh | D16: {=XLOOKUP(F16,'GSM T4.2026'!$D:$D,'GSM T4.2026'!$B:$B)} -> A125 | E16: {=XLOOKUP(F16,'GSM T4.2026'!D:D,'GSM T4.2026'!$E:$E)} -> HCM 021 | F16: KFM_HCM_TDU - 115 Man Thiện | G16: 46009 | H16: =TODAY()-G16 -> 161 | I16: 46052 | J16: =I16-2 -> 46050 | K16: =I16-4 -> 46048 | L16: 26/01/2026 - 02/02/2026 | M16: DONE | O16: =if(K16-TODAY()<0,0,K16-today()) -> 0 | P16: KK TỔNG BÀN GIAO | Y16: =MONTH(I16) -> 1
A17: =ROW()-9 -> 8 | B17: {=XLOOKUP(D17,'GSM T4.2026'!$B$1:$B$996,'GSM T4.2026'!$C$1:$C$996)} -> 45386 | C17: {=XLOOKUP(F17,'GSM T4.2026'!D:D,'GSM T4.2026'!F:F)} -> Phạm Duy | D17: {=XLOOKUP(F17,'GSM T4.2026'!$D:$D,'GSM T4.2026'!$B:$B)} -> PTN | E17: {=XLOOKUP(F17,'GSM T4.2026'!D:D,'GSM T4.2026'!$E:$E)} -> HCM 024 | F17: KFM_HCM_Q07 - E72 Phú Thuận | G17: 45908 | H17: =TODAY()-G17 -> 262 | I17: 46090 | J17: =I17-2 -> 46088 | K17: =I17-4 -> 46086 | L17: 06/03/2026 - 11/03/2026 | M17: DONE | N17: 46329 | O17: =if(K17-TODAY()<0,0,K17-today()) -> 0 | P17: KK TỔNG BÀN GIAO SM | Y17: =MONTH(I17) -> 3
A18: =ROW()-9 -> 9 | B18: {=XLOOKUP(D18,'GSM T4.2026'!$B$1:$B$996,'GSM T4.2026'!$C$1:$C$996)} -> 24/05/2024 | C18: {=XLOOKUP(F18,'GSM T4.2026'!D:D,'GSM T4.2026'!F:F)} -> Võ Minh Đạt | D18: {=XLOOKUP(F18,'GSM T4.2026'!$D:$D,'GSM T4.2026'!$B:$B)} -> QHG | E18: {=XLOOKUP(F18,'GSM T4.2026'!D:D,'GSM T4.2026'!$E:$E)} -> HCM 018 | F18: KFM_HCM_TDU - 59 Quốc Hương | G18: 45764 | H18: =TODAY()-G18 -> 406 | I18: 46145 | J18: =I18+2 -> 46147 | K18: =I18-3 -> 46142 | L18: 02/05/2026 - 07/05/2026 | M18: DONE | N18: 46208 | O18: =if(K18-TODAY()<0,0,K18-today()) -> 0 | P18: KK TỔNG BÀN GIAO SM | Y18: =MONTH(I18) -> 5
A19: =ROW()-9 -> 10 | B19: {=XLOOKUP(D19,'GSM T4.2026'!$B$1:$B$996,'GSM T4.2026'!$C$1:$C$996)} -> 45912 | C19: {=XLOOKUP(F19,'GSM T4.2026'!D:D,'GSM T4.2026'!F:F)} -> Võ Thị Thùy Dương | D19: {=XLOOKUP(F19,'GSM T4.2026'!$D:$D,'GSM T4.2026'!$B:$B)} -> A110 | E19: {=XLOOKUP(F19,'GSM T4.2026'!D:D,'GSM T4.2026'!$E:$E)} -> HCM 032 | F19: KFM_HCM_Q10 - Jasmine 1 Hà Đô Centrosa | G19: 46006 | H19: =TODAY()-G19 -> 164 | I19: 46080 | J19: =I19-2 -> 46078 | K19: =I19-4 -> 46076 | L19: 24/02/2026 - 28/02/2026 | M19: DONE | N19: 46056 | O19: =if(K19-TODAY()<0,0,K19-today()) -> 0 | P19: KK TỔNG BÀN GIAO | Y19: =MONTH(I19) -> 2
A20: =ROW()-9 -> 11 | B20: {=XLOOKUP(D20,'GSM T4.2026'!$B$1:$B$996,'GSM T4.2026'!$C$1:$C$996)} -> 27/12/2025 | C20: {=XLOOKUP(F20,'GSM T4.2026'!D:D,'GSM T4.2026'!F:F)} -> Trương Công Nhật Tùng | D20: {=XLOOKUP(F20,'GSM T4.2026'!$D:$D,'GSM T4.2026'!$B:$B)} -> A141 | E20: {=XLOOKUP(F20,'GSM T4.2026'!D:D,'GSM T4.2026'!$E:$E)} -> HCM 030 | F20: KFM_HCM_Q07 - X1.013 Sunrise City North | G20: NSO | H20: NSO | I20: 46094 | J20: =I20-2 -> 46092 | K20: =I20-4 -> 46090 | L20: 10/03/2026 - 15/03/2026 | M20: DONE | N20: 15/03/2026 | O20: =if(K20-TODAY()<0,0,K20-today()) -> 0 | P20: KK TỔNG BÀN GIAO SM | Y20: =MONTH(I20) -> 3
A21: =ROW()-9 -> 12 | B21: {=XLOOKUP(D21,'GSM T4.2026'!$B$1:$B$996,'GSM T4.2026'!$C$1:$C$996)} -> 45780 | C21: {=XLOOKUP(F21,'GSM T4.2026'!D:D,'GSM T4.2026'!F:F)} -> Lê Ngọc Phát | D21: {=XLOOKUP(F21,'GSM T4.2026'!$D:$D,'GSM T4.2026'!$B:$B)} -> A101 | E21: {=XLOOKUP(F21,'GSM T4.2026'!D:D,'GSM T4.2026'!$E:$E)} -> HCM 027 | F21: KFM_BDU_DAN - 27 Tân Lập | G21: 45946 | H21: =TODAY()-G21 -> 224 | I21: 46100 | J21: =I21-2 -> 46098 | K21: =I21-3 -> 46097 | L21: 16/03/2026 - 22/03/2026 | M21: DONE | O21: =if(K21-TODAY()<0,0,K21-today()) -> 0 | P21: KIỂM TỔNG 2026 | Y21: =MONTH(I21) -> 3
A22: =ROW()-9 -> 13 | B22: {=XLOOKUP(D22,'GSM T4.2026'!$B$1:$B$996,'GSM T4.2026'!$C$1:$C$996)} -> 15/07/2023 | C22: {=XLOOKUP(F22,'GSM T4.2026'!D:D,'GSM T4.2026'!F:F)} -> Nguyễn Đình Vũ | D22: {=XLOOKUP(F22,'GSM T4.2026'!$D:$D,'GSM T4.2026'!$B:$B)} -> DXH | E22: {=XLOOKUP(F22,'GSM T4.2026'!D:D,'GSM T4.2026'!$E:$E)} -> HCM 006 | F22: KFM_HCM_TDU - 539 Đỗ Xuân Hợp | G22: 45766 | H22: =TODAY()-G22 -> 404 | I22: 46102 | J22: =I22-2 -> 46100 | K22: =I22-3 -> 46099 | L22: 18/03/2026 - 24/03/2026 | M22: DONE | N22: 22/03/2026 | O22: =if(K22-TODAY()<0,0,K22-today()) -> 0 | P22: KK TỔNG BÀN GIAO SM | Y22: =MONTH(I22) -> 3
A23: =ROW()-9 -> 14 | B23: {=XLOOKUP(D23,'GSM T4.2026'!$B$1:$B$996,'GSM T4.2026'!$C$1:$C$996)} -> 23/03/2023 | C23: {=XLOOKUP(F23,'GSM T4.2026'!D:D,'GSM T4.2026'!F:F)} -> Phạm Hữu Chương | D23: {=XLOOKUP(F23,'GSM T4.2026'!$D:$D,'GSM T4.2026'!$B:$B)} -> NTD | E23: {=XLOOKUP(F23,'GSM T4.2026'!D:D,'GSM T4.2026'!$E:$E)} -> HCM 020 | F23: KFM_HCM_TDU - 160A Nguyễn Thị Định | G23: 45753 | H23: =TODAY()-G23 -> 417 | I23: 46102 | J23: =I23-2 -> 46100 | K23: =I23-3 -> 46099 | L23: 18/03/2026 - 24/03/2026 | M23: DONE | N23: 22/03/2026 | O23: =if(K23-TODAY()<0,0,K23-today()) -> 0 | P23: KK TỔNG BÀN GIAO SM | Y23: =MONTH(I23) -> 3
A24: =ROW()-9 -> 15 | B24: {=XLOOKUP(D24,'GSM T4.2026'!$B$1:$B$996,'GSM T4.2026'!$C$1:$C$996)} -> 14/10/2023 | C24: {=XLOOKUP(F24,'GSM T4.2026'!D:D,'GSM T4.2026'!F:F)} -> Hồ Xuân Thịnh | D24: {=XLOOKUP(F24,'GSM T4.2026'!$D:$D,'GSM T4.2026'!$B:$B)} -> VH2 | E24: {=XLOOKUP(F24,'GSM T4.2026'!D:D,'GSM T4.2026'!$E:$E)} -> HCM 021 | F24: KFM_HCM_TDU - S10.02 Vinhomes Grand Park | G24: 45966 | H24: =TODAY()-G24 -> 204 | I24: 46107 | J24: =I24-3 -> 46104 | K24: =I24-4 -> 46103 | L24: 22/03/2026 – 29/03/2026 | M24: DONE | N24: 30/03/2026 | O24: =if(K24-TODAY()<0,0,K24-today()) -> 0 | P24: KK TỔNG BÀN GIAO SM | Y24: =MONTH(I24) -> 3
A25: =ROW()-9 -> 16 | B25: {=XLOOKUP(D25,'GSM T4.2026'!$B$1:$B$996,'GSM T4.2026'!$C$1:$C$996)} -> 45078 | C25: {=XLOOKUP(F25,'GSM T4.2026'!D:D,'GSM T4.2026'!F:F)} -> Đặng Đăng Khoa | D25: {=XLOOKUP(F25,'GSM T4.2026'!$D:$D,'GSM T4.2026'!$B:$B)} -> NVQ | E25: {=XLOOKUP(F25,'GSM T4.2026'!D:D,'GSM T4.2026'!$E:$E)} -> HCM 036 | F25: KFM_HCM_Q12 - 678 Nguyễn Văn Quá | G25: 45995 | H25: =TODAY()-G25 -> 175 | I25: 46107 | J25: =I25-2 -> 46105 | K25: =I25-3 -> 46104 | L25: 23/03/2026 – 29/03/2026 | M25: DONE | N25: 28/03/2026 | O25: =if(K25-TODAY()<0,0,K25-today()) -> 0 | P25: KK TỔNG BÀN GIAO SM | Y25: =MONTH(I25) -> 3
A26: =ROW()-9 -> 17 | B26: {=XLOOKUP(D26,'GSM T4.2026'!$B$1:$B$996,'GSM T4.2026'!$C$1:$C$996)} -> 45233 | C26: {=XLOOKUP(F26,'GSM T4.2026'!D:D,'GSM T4.2026'!F:F)} -> Nguyễn Thị Ngọc Giàu | D26: {=XLOOKUP(F26,'GSM T4.2026'!$D:$D,'GSM T4.2026'!$B:$B)} -> DS7 | E26: {=XLOOKUP(F26,'GSM T4.2026'!D:D,'GSM T4.2026'!$E:$E)} -> HCM 031 | F26: KFM_HCM_BTA - 99 Đường Số 7 | G26: 45964 | H26: =TODAY()-G26 -> 206 | I26: 46107 | J26: =I26-2 -> 46105 | K26: =I26-3 -> 46104 | L26: 23/03/2026 - 31/03/2026 | M26: DONE | N26: 23/03/2026 | O26: =if(K26-TODAY()<0,0,K26-today()) -> 0 | P26: KK TỔNG BÀN GIAO SM | Y26: =MONTH(I26) -> 3
A27: =ROW()-9 -> 18 | B27: {=XLOOKUP(D27,'GSM T4.2026'!$B$1:$B$996,'GSM T4.2026'!$C$1:$C$996)} -> 25/12/2025 | C27: {=XLOOKUP(F27,'GSM T4.2026'!D:D,'GSM T4.2026'!F:F)} -> Nguyễn Thị Ngọc Giàu | D27: {=XLOOKUP(F27,'GSM T4.2026'!$D:$D,'GSM T4.2026'!$B:$B)} -> A139 | E27: {=XLOOKUP(F27,'GSM T4.2026'!D:D,'GSM T4.2026'!$E:$E)} -> HCM 031 | F27: KFM_HCM_BTA - 197 Đường số 1 An Lạc | G27: NSO | H27: NSO | I27: 46108 | J27: =I27-2 -> 46106 | K27: =I27-4 -> 46104 | L27: 23/03/2026 - 30/03/2026 | M27: DONE | N27: 25/03/2026 | O27: =if(K27-TODAY()<0,0,K27-today()) -> 0 | P27: KK TỔNG BÀN GIAO SM | Y27: =MONTH(I27) -> 3
A28: =ROW()-9 -> 19 | B28: {=XLOOKUP(D28,'GSM T4.2026'!$B$1:$B$996,'GSM T4.2026'!$C$1:$C$996)} -> 23/01/2021 | C28: {=XLOOKUP(F28,'GSM T4.2026'!D:D,'GSM T4.2026'!F:F)} -> Huỳnh Thị Tuyết Nhi | D28: {=XLOOKUP(F28,'GSM T4.2026'!$D:$D,'GSM T4.2026'!$B:$B)} -> HTP | E28: {=XLOOKUP(F28,'GSM T4.2026'!D:D,'GSM T4.2026'!$E:$E)} -> HCM 002 | F28: KFM_HCM_Q07 - 571 Huỳnh Tấn Phát | G28: 45967 | H28: =TODAY()-G28 -> 203 | I28: 46109 | J28: =I28-4 -> 46105 | K28: =I28-5 -> 46104 | L28: 23/03/2026 - 31/03/2026 | M28: DONE | N28: 24/03/2026 | O28: =if(K28-TODAY()<0,0,K28-today()) -> 0 | P28: KK TỔNG BÀN GIAO SM | Y28: =MONTH(I28) -> 3
A29: =ROW()-9 -> 20 | B29: {=XLOOKUP(D29,'GSM T4.2026'!$B$1:$B$996,'GSM T4.2026'!$C$1:$C$996)} -> 45933 | C29: {=XLOOKUP(F29,'GSM T4.2026'!D:D,'GSM T4.2026'!F:F)} -> Lê Nguyễn Ngọc Phượng | D29: {=XLOOKUP(F29,'GSM T4.2026'!$D:$D,'GSM T4.2026'!$B:$B)} -> A113 | E29: {=XLOOKUP(F29,'GSM T4.2026'!D:D,'GSM T4.2026'!$E:$E)} -> HCM 016 | F29: KFM_HCM_BTH - 216 Phan Văn Hân | G29: 46019 | H29: =TODAY()-G29 -> 151 | I29: 46109 | J29: =I29-2 -> 46107 | K29: =I29-4 -> 46105 | L29: 23/03/2026 - 31/03/2026 | M29: DONE | N29: 25/03/2026 | O29: =if(K29-TODAY()<0,0,K29-today()) -> 0 | P29: KK TỔNG BÀN GIAO SM | Y29: =MONTH(I29) -> 3
A30: =ROW()-9 -> 21 | B30: {=XLOOKUP(D30,'GSM T4.2026'!$B$1:$B$996,'GSM T4.2026'!$C$1:$C$996)} -> 30/05/2024 | C30: {=XLOOKUP(F30,'GSM T4.2026'!D:D,'GSM T4.2026'!F:F)} -> Võ Minh Đạt | D30: {=XLOOKUP(F30,'GSM T4.2026'!$D:$D,'GSM T4.2026'!$B:$B)} -> NTO | E30: {=XLOOKUP(F30,'GSM T4.2026'!D:D,'GSM T4.2026'!$E:$E)} -> HCM 018 | F30: KFM_HCM_BTH - 108 Ngô Tất Tố | G30: 45755 | H30: =TODAY()-G30 -> 415 | I30: 46110 | J30: =I30-2 -> 46108 | K30: =I30-4 -> 46106 | L30: 25/03/2026 - 31/03/2026 | M30: DONE | N30: 26/03/2026 | O30: =if(K30-TODAY()<0,0,K30-today()) -> 0 | P30: KK TỔNG BÀN GIAO SM | Y30: =MONTH(I30) -> 3
A31: =ROW()-9 -> 22 | B31: {=XLOOKUP(D31,'GSM T4.2026'!$B$1:$B$996,'GSM T4.2026'!$C$1:$C$996)} -> 18/03/2023 | C31: {=XLOOKUP(F31,'GSM T4.2026'!D:D,'GSM T4.2026'!F:F)} -> Đào Hồng Hiện | D31: {=XLOOKUP(F31,'GSM T4.2026'!$D:$D,'GSM T4.2026'!$B:$B)} -> NDT | E31: {=XLOOKUP(F31,'GSM T4.2026'!D:D,'GSM T4.2026'!$E:$E)} -> HCM 035 | F31: KFM_HCM_TDU - 305 Nguyễn Duy Trinh | G31: 45743 | H31: =TODAY()-G31 -> 427 | I31: 46109 | J31: =I31-5 -> 46104 | K31: =I31-2 -> 46107 | L31: 22/03/2026 - 31/03/2026 | M31: DONE | N31: 27/03/2026 | O31: =if(K31-TODAY()<0,0,K31-today()) -> 0 | P31: KK TỔNG BÀN GIAO SM | Y31: =MONTH(I31) -> 3 | Z31: Đổ phiếu tổng lần 2 (27.3)
A32: =ROW()-9 -> 23 | B32: {=XLOOKUP(D32,'GSM T4.2026'!$B$1:$B$996,'GSM T4.2026'!$C$1:$C$996)} -> 19/04/2025 | C32: {=XLOOKUP(F32,'GSM T4.2026'!D:D,'GSM T4.2026'!F:F)} -> Võ Văn Phi Hùng | D32: {=XLOOKUP(F32,'GSM T4.2026'!$D:$D,'GSM T4.2026'!$B:$B)} -> PKD | E32: {=XLOOKUP(F32,'GSM T4.2026'!D:D,'GSM T4.2026'!$E:$E)} -> HCM 029 | F32: KFM_HCM_BTA - TMDV19 Privia Khang Điền | G32: 45971 | H32: =TODAY()-G32 -> 199 | I32: 46110 | J32: =I32-2 -> 46108 | K32: =I32-3 -> 46107 | L32: 25/03/2026 - 31/03/2026 | M32: DONE | N32: 26/03/2026 | O32: =if(K32-TODAY()<0,0,K32-today()) -> 0 | P32: KK TỔNG BÀN GIAO SM | Y32: =MONTH(I32) -> 3
A33: =ROW()-9 -> 24 | B33: {=XLOOKUP(D33,'GSM T4.2026'!$B$1:$B$996,'GSM T4.2026'!$C$1:$C$996)} -> 14/12/2024 | C33: {=XLOOKUP(F33,'GSM T4.2026'!D:D,'GSM T4.2026'!F:F)} -> Phạm Duy | D33: {=XLOOKUP(F33,'GSM T4.2026'!$D:$D,'GSM T4.2026'!$B:$B)} -> Q7R | E33: {=XLOOKUP(F33,'GSM T4.2026'!D:D,'GSM T4.2026'!$E:$E)} -> HCM 024 | F33: KFM_HCM_Q07 - Lô CD L1-12 Q7 Riverside Đào Trí | G33: 45761 | H33: =TODAY()-G33 -> 409 | I33: 46111 | J33: =I33-3 -> 46108 | K33: =I33-4 -> 46107 | L33: 26/03/2026 - 02/04/2026 | M33: DONE | N33: 46026 | O33: =if(K33-TODAY()<0,0,K33-today()) -> 0 | P33: KK TỔNG BÀN GIAO SM | Y33: =MONTH(I33) -> 3
A34: =ROW()-9 -> 25 | B34: {=XLOOKUP(D34,'GSM T4.2026'!$B$1:$B$996,'GSM T4.2026'!$C$1:$C$996)} -> 23/09/2022 | C34: {=XLOOKUP(F34,'GSM T4.2026'!D:D,'GSM T4.2026'!F:F)} -> Lê Huỳnh Thiện | D34: {=XLOOKUP(F34,'GSM T4.2026'!$D:$D,'GSM T4.2026'!$B:$B)} -> PHI | E34: {=XLOOKUP(F34,'GSM T4.2026'!D:D,'GSM T4.2026'!$E:$E)} -> HCM 009 | F34: KFM_HCM_GVA - 410 Phan Huy Ích | G34: 45994 | H34: =TODAY()-G34 -> 176 | I34: 46113 | J34: =I34-2 -> 46111 | K34: =I34-3 -> 46110 | L34: 29/03/2026 – 03/04/2026 | M34: DONE | N34: 29/03/2026 | O34: =if(K34-TODAY()<0,0,K34-today()) -> 0 | P34: KK TỔNG BÀN GIAO SM | Y34: =MONTH(I34) -> 4
A35: =ROW()-9 -> 26 | B35: {=XLOOKUP(D35,'GSM T4.2026'!$B$1:$B$996,'GSM T4.2026'!$C$1:$C$996)} -> 29/03/2025 | C35: {=XLOOKUP(F35,'GSM T4.2026'!D:D,'GSM T4.2026'!F:F)} -> Nguyễn Thị Tuyết Trinh | D35: {=XLOOKUP(F35,'GSM T4.2026'!$D:$D,'GSM T4.2026'!$B:$B)} -> DMR | E35: {=XLOOKUP(F35,'GSM T4.2026'!D:D,'GSM T4.2026'!$E:$E)} -> HCM 011 | F35: KFM_HCM_Q08 - Block C Diamond Riverside | G35: 45971 | H35: =TODAY()-G35 -> 199 | I35: 46115 | J35: =I35-2 -> 46113 | K35: =I35-4 -> 46111 | L35: 30/03/2026 - 06/04/2026 | M35: DONE | N35: 46116 | O35: =if(K35-TODAY()<0,0,K35-today()) -> 0 | P35: KK TỔNG BÀN GIAO SM | Y35: =MONTH(I35) -> 4
A36: =ROW()-9 -> 27 | B36: {=XLOOKUP(D36,'GSM T4.2026'!$B$1:$B$996,'GSM T4.2026'!$C$1:$C$996)} -> 29/07/2022 | C36: {=XLOOKUP(F36,'GSM T4.2026'!D:D,'GSM T4.2026'!F:F)} -> Trương Công Nhật Tùng | D36: {=XLOOKUP(F36,'GSM T4.2026'!$D:$D,'GSM T4.2026'!$B:$B)} -> KHI | E36: {=XLOOKUP(F36,'GSM T4.2026'!D:D,'GSM T4.2026'!$E:$E)} -> HCM 030 | F36: KFM_HCM_Q04 - 98 Khánh Hội | G36: 45966 | H36: =TODAY()-G36 -> 204 | I36: 46115 | J36: =I36-2 -> 46113 | K36: =I36-3 -> 46112 | L36: 31/03/2026 - 06/04/2026 | M36: DONE | N36: 46146 | O36: =if(K36-TODAY()<0,0,K36-today()) -> 0 | P36: KK TỔNG BÀN GIAO SM | Y36: =MONTH(I36) -> 4
A37: =ROW()-9 -> 28 | B37: {=XLOOKUP(D37,'GSM T4.2026'!$B$1:$B$996,'GSM T4.2026'!$C$1:$C$996)} -> 45758 | C37: {=XLOOKUP(F37,'GSM T4.2026'!D:D,'GSM T4.2026'!F:F)} -> Đào Hồng Hiện | D37: {=XLOOKUP(F37,'GSM T4.2026'!$D:$D,'GSM T4.2026'!$B:$B)} -> LVH | E37: {=XLOOKUP(F37,'GSM T4.2026'!D:D,'GSM T4.2026'!$E:$E)} -> HCM 035 | F37: KFM_HCM_TDU - 222 Lê Văn Thịnh | G37: 45831 | H37: =TODAY()-G37 -> 339 | I37: 46115 | J37: =I37-2 -> 46113 | K37: =I37-2 -> 46113 | L37: 31/03/2026 - 06/04/2026 | M37: DONE | N37: 46146 | O37: =if(K37-TODAY()<0,0,K37-today()) -> 0 | P37: KK TỔNG BÀN GIAO SM | Y37: =MONTH(I37) -> 4
A38: =ROW()-9 -> 29 | B38: {=XLOOKUP(D38,'GSM T4.2026'!$B$1:$B$996,'GSM T4.2026'!$C$1:$C$996)} -> 45114 | C38: {=XLOOKUP(F38,'GSM T4.2026'!D:D,'GSM T4.2026'!F:F)} -> Hồng Trọng Nghĩa | D38: {=XLOOKUP(F38,'GSM T4.2026'!$D:$D,'GSM T4.2026'!$B:$B)} -> Q50 | E38: {=XLOOKUP(F38,'GSM T4.2026'!D:D,'GSM T4.2026'!$E:$E)} -> HCM 022 | F38: KFM_HCM_BCH - 511 Quốc lộ 50 | G38: 45952 | H38: =TODAY()-G38 -> 218 | I38: 46116 | J38: =I38-2 -> 46114 | K38: =I38-3 -> 46113 | L38: 01/04/2026 - 06/04/2026 | M38: DONE | N38: 46026 | O38: =if(K38-TODAY()<0,0,K38-today()) -> 0 | P38: KK TỔNG BÀN GIAO SM | Y38: =MONTH(I38) -> 4
A39: =ROW()-9 -> 30 | B39: {=XLOOKUP(D39,'GSM T4.2026'!$B$1:$B$996,'GSM T4.2026'!$C$1:$C$996)} -> 28/12/2024 | C39: {=XLOOKUP(F39,'GSM T4.2026'!D:D,'GSM T4.2026'!F:F)} -> Nguyễn Thị Tuyết Trinh | D39: {=XLOOKUP(F39,'GSM T4.2026'!$D:$D,'GSM T4.2026'!$B:$B)} -> EH3 | E39: {=XLOOKUP(F39,'GSM T4.2026'!D:D,'GSM T4.2026'!$E:$E)} -> HCM 011 | F39: KFM_HCM_BTA - A10-0.02 Ehome 3 | G39: 45784 | H39: =TODAY()-G39 -> 386 | I39: 46146 | J39: =I39-2 -> 46144 | K39: =I39-3 -> 46143 | L39: 01/05/2026 - 07/05/2026 | M39: DONE | N39: 46178 | O39: =if(K39-TODAY()<0,0,K39-today()) -> 0 | P39: KK TỔNG BÀN GIAO SM | Y39: =MONTH(I39) -> 5
A40: =ROW()-9 -> 31 | B40: {=XLOOKUP(D40,'GSM T4.2026'!$B$1:$B$996,'GSM T4.2026'!$C$1:$C$996)} -> 19/01/2024 | C40: {=XLOOKUP(F40,'GSM T4.2026'!D:D,'GSM T4.2026'!F:F)} -> Trần Văn Hiếu | D40: {=XLOOKUP(F40,'GSM T4.2026'!$D:$D,'GSM T4.2026'!$B:$B)} -> VLA | E40: {=XLOOKUP(F40,'GSM T4.2026'!D:D,'GSM T4.2026'!$E:$E)} -> HCM 014 | F40: KFM_HCM_TPH - 128 Vườn Lài | G40: 45795 | H40: =TODAY()-G40 -> 375 | I40: 46116 | J40: =I40-2 -> 46114 | K40: =I40-3 -> 46113 | L40: 01/04/2026 - 07/04/2026 | M40: DONE | N40: 46026 | O40: =if(K40-TODAY()<0,0,K40-today()) -> 0 | P40: KK TỔNG BÀN GIAO SM | Y40: =MONTH(I40) -> 4
A41: =ROW()-9 -> 32 | B41: {=XLOOKUP(D41,'GSM T4.2026'!$B$1:$B$996,'GSM T4.2026'!$C$1:$C$996)} -> 30/05/2025 | C41: {=XLOOKUP(F41,'GSM T4.2026'!D:D,'GSM T4.2026'!F:F)} -> Lê Thị Bích Liểu | D41: {=XLOOKUP(F41,'GSM T4.2026'!$D:$D,'GSM T4.2026'!$B:$B)} -> VH6 | E41: {=XLOOKUP(F41,'GSM T4.2026'!D:D,'GSM T4.2026'!$E:$E)} -> HCM 034 | F41: KFM_HCM_TDU - GH5 Vinhomes Grand Park | G41: 45946 | H41: =TODAY()-G41 -> 224 | I41: 46116 | J41: =I41-2 -> 46114 | K41: =I41-3 -> 46113 | L41: 01/04/2026 - 07/04/2026 | M41: DONE | N41: 46026 | O41: =if(K41-TODAY()<0,0,K41-today()) -> 0 | P41: KK TỔNG BÀN GIAO SM | Y41: =MONTH(I41) -> 4
A42: =ROW()-9 -> 33 | B42: {=XLOOKUP(D42,'GSM T4.2026'!$B$1:$B$996,'GSM T4.2026'!$C$1:$C$996)} -> 19/10/2024 | C42: {=XLOOKUP(F42,'GSM T4.2026'!D:D,'GSM T4.2026'!F:F)} -> Phạm Hữu Chương | D42: {=XLOOKUP(F42,'GSM T4.2026'!$D:$D,'GSM T4.2026'!$B:$B)} -> AV4 | E42: {=XLOOKUP(F42,'GSM T4.2026'!D:D,'GSM T4.2026'!$E:$E)} -> HCM 020 | F42: KFM_HCM_TDU - SAV_04-00.03 The Sun Avenue | G42: 45774 | H42: =TODAY()-G42 -> 396 | I42: 46116 | J42: =I42-2 -> 46114 | K42: =I42-3 -> 46113 | L42: 31/03/2026 - 06/04/2026 | M42: DONE | N42: 46146 | O42: =if(K42-TODAY()<0,0,K42-today()) -> 0 | P42: KK TỔNG BÀN GIAO SM | Y42: =MONTH(I42) -> 4
A43: =ROW()-9 -> 34 | B43: {=XLOOKUP(D43,'GSM T4.2026'!$B$1:$B$996,'GSM T4.2026'!$C$1:$C$996)} -> 30/01/2026 | C43: {=XLOOKUP(F43,'GSM T4.2026'!D:D,'GSM T4.2026'!F:F)} -> Hứa Thái Hiển | D43: {=XLOOKUP(F43,'GSM T4.2026'!$D:$D,'GSM T4.2026'!$B:$B)} -> A147 | E43: {=XLOOKUP(F43,'GSM T4.2026'!D:D,'GSM T4.2026'!$E:$E)} -> HCM 023 | F43: KFM_HCM_Q07 - 956 Huỳnh Tấn Phát | G43: NSO | H43: NSO | I43: 46116 | J43: =I43-2 -> 46114 | K43: =I43-3 -> 46113 | L43: 01/04/2026 - 07/04/2026 | M43: DONE | N43: 46269 | O43: =if(K43-TODAY()<0,0,K43-today()) -> 0 | P43: KK TỔNG BÀN GIAO SM | Y43: =MONTH(I43) -> 4 | Z43: Đổ lại phiếu KK tài sản 9.4
A44: =ROW()-9 -> 35 | B44: {=XLOOKUP(D44,'GSM T4.2026'!$B$1:$B$996,'GSM T4.2026'!$C$1:$C$996)} -> 21/07/2022 | C44: {=XLOOKUP(F44,'GSM T4.2026'!D:D,'GSM T4.2026'!F:F)} -> Lê Ngọc Thảo | D44: {=XLOOKUP(F44,'GSM T4.2026'!$D:$D,'GSM T4.2026'!$B:$B)} -> LVT | E44: {=XLOOKUP(F44,'GSM T4.2026'!D:D,'GSM T4.2026'!$E:$E)} -> HCM 008 | F44: KFM_HCM_GVA - 308 Lê Văn Thọ | G44: 45790 | H44: =TODAY()-G44 -> 380 | I44: 46117 | J44: =I44-2 -> 46115 | K44: =I44-4 -> 46113 | L44: 01/04/2026 - 08/04/2026 | M44: DONE | N44: 46238 | O44: =if(K44-TODAY()<0,0,K44-today()) -> 0 | P44: KK TỔNG BÀN GIAO GSM | Y44: =MONTH(I44) -> 4
A45: =ROW()-9 -> 36 | B45: {=XLOOKUP(D45,'GSM T4.2026'!$B$1:$B$996,'GSM T4.2026'!$C$1:$C$996)} -> 15/11/2025 | C45: {=XLOOKUP(F45,'GSM T4.2026'!D:D,'GSM T4.2026'!F:F)} -> Hồ Xuân Thịnh | D45: {=XLOOKUP(F45,'GSM T4.2026'!$D:$D,'GSM T4.2026'!$B:$B)} -> A125 | E45: {=XLOOKUP(F45,'GSM T4.2026'!D:D,'GSM T4.2026'!$E:$E)} -> HCM 021 | F45: KFM_HCM_TDU - 115 Man Thiện | G45: 46009 | H45: =TODAY()-G45 -> 161 | I45: 46118 | J45: =I45-2 -> 46116 | K45: =I45-5 -> 46113 | L45: 01/04/2026 - 08/04/2026 | M45: DONE | N45: 46330 | O45: =if(K45-TODAY()<0,0,K45-today()) -> 0 | P45: KK TỔNG BÀN GIAO SM | Y45: =MONTH(I45) -> 4
A46: =ROW()-9 -> 37 | B46: {=XLOOKUP(D46,'GSM T4.2026'!$B$1:$B$996,'GSM T4.2026'!$C$1:$C$996)} -> 44688 | C46: {=XLOOKUP(F46,'GSM T4.2026'!D:D,'GSM T4.2026'!F:F)} -> Huỳnh Ngọc Phương | D46: {=XLOOKUP(F46,'GSM T4.2026'!$D:$D,'GSM T4.2026'!$B:$B)} -> NKM | E46: {=XLOOKUP(F46,'GSM T4.2026'!D:D,'GSM T4.2026'!$E:$E)} -> HCM 033 | F46: KFM_HCM_GVA - 371 Nguyễn Kiệm | G46: 46006 | H46: =TODAY()-G46 -> 164 | I46: 46118 | J46: =I46-3 -> 46115 | K46: =I46-4 -> 46114 | L46: 02/04/2026 - 08/04/2026 | M46: DONE | N46: 46238 | O46: =if(K46-TODAY()<0,0,K46-today()) -> 0 | P46: KK TỔNG BÀN GIAO SM | Y46: =MONTH(I46) -> 4
A47: =ROW()-9 -> 38 | B47: {=XLOOKUP(D47,'GSM T4.2026'!$B$1:$B$996,'GSM T4.2026'!$C$1:$C$996)} -> 21/03/2025 | C47: {=XLOOKUP(F47,'GSM T4.2026'!D:D,'GSM T4.2026'!F:F)} -> Nguyễn Thị Tuyết Trinh | D47: {=XLOOKUP(F47,'GSM T4.2026'!$D:$D,'GSM T4.2026'!$B:$B)} -> HNN | E47: {=XLOOKUP(F47,'GSM T4.2026'!D:D,'GSM T4.2026'!$E:$E)} -> HCM 011 | F47: KFM_HCM_Q08 - 296 Hoàng Ngân | G47: 45798 | H47: =TODAY()-G47 -> 372 | I47: 46118 | J47: =I47-3 -> 46115 | K47: =I47-4 -> 46114 | L47: 01/04/2026 - 08/04/2026 | M47: DONE | N47: 46116 | O47: =if(K47-TODAY()<0,0,K47-today()) -> 0 | P47: KK TỔNG BÀN GIAO SM | Y47: =MONTH(I47) -> 4
A48: =ROW()-9 -> 39 | B48: {=XLOOKUP(D48,'GSM T4.2026'!$B$1:$B$996,'GSM T4.2026'!$C$1:$C$996)} -> 21/12/2024 | C48: {=XLOOKUP(F48,'GSM T4.2026'!D:D,'GSM T4.2026'!F:F)} -> Đặng Đăng Khoa | D48: {=XLOOKUP(F48,'GSM T4.2026'!$D:$D,'GSM T4.2026'!$B:$B)} -> HNG | E48: {=XLOOKUP(F48,'GSM T4.2026'!D:D,'GSM T4.2026'!$E:$E)} -> HCM 036 | F48: KFM_HCM_Q12 - Block B1 Hưng Ngân Garden | G48: 45756 | H48: =TODAY()-G48 -> 414 | I48: 46118 | J48: =I48-2 -> 46116 | K48: =I48-3 -> 46115 | L48: 03/04/2026 - 08/04/2026 | M48: DONE | N48: 46026 | O48: =if(K48-TODAY()<0,0,K48-today()) -> 0 | P48: KK TỔNG BÀN GIAO SM | Y48: =MONTH(I48) -> 4
A49: =ROW()-9 -> 40 | B49: {=XLOOKUP(D49,'GSM T4.2026'!$B$1:$B$996,'GSM T4.2026'!$C$1:$C$996)} -> 45577 | C49: {=XLOOKUP(F49,'GSM T4.2026'!D:D,'GSM T4.2026'!F:F)} -> Võ Minh Đạt | D49: {=XLOOKUP(F49,'GSM T4.2026'!$D:$D,'GSM T4.2026'!$B:$B)} -> ACU | E49: {=XLOOKUP(F49,'GSM T4.2026'!D:D,'GSM T4.2026'!$E:$E)} -> HCM 018 | F49: KFM_HCM_TDU - 0.01 Chung cư An Cư An Phú | G49: 45757 | H49: =TODAY()-G49 -> 413 | I49: 46119 | J49: =I49-2 -> 46117 | K49: =I49-4 -> 46115 | L49: 03/04/2026 - 10/04/2026 | M49: DONE | N49: 46026 | O49: =if(K49-TODAY()<0,0,K49-today()) -> 0 | P49: KK TỔNG BÀN GIAO SM | Y49: =MONTH(I49) -> 4
A50: =ROW()-9 -> 41 | B50: {=XLOOKUP(D50,'GSM T4.2026'!$B$1:$B$996,'GSM T4.2026'!$C$1:$C$996)} -> 21/09/2024 | C50: {=XLOOKUP(F50,'GSM T4.2026'!D:D,'GSM T4.2026'!F:F)} -> Trương Công Nhật Tùng | D50: {=XLOOKUP(F50,'GSM T4.2026'!$D:$D,'GSM T4.2026'!$B:$B)} -> HLR | E50: {=XLOOKUP(F50,'GSM T4.2026'!D:D,'GSM T4.2026'!$E:$E)} -> HCM 030 | F50: KFM_HCM_Q07 - Block A Himlam Riverside Q7 | G50: 45966 | H50: =TODAY()-G50 -> 204 | I50: 46120 | J50: =I50-3 -> 46117 | K50: =I50-5 -> 46115 | L50: 04/04/2026 - 11/04/2026 | M50: DONE | N50: 46116 | O50: =if(K50-TODAY()<0,0,K50-today()) -> 0 | P50: KK TỔNG BÀN GIAO SM | Y50: =MONTH(I50) -> 4
A51: =ROW()-9 -> 42 | B51: {=XLOOKUP(D51,'GSM T4.2026'!$B$1:$B$996,'GSM T4.2026'!$C$1:$C$996)} -> 45605 | C51: {=XLOOKUP(F51,'GSM T4.2026'!D:D,'GSM T4.2026'!F:F)} -> Trần Kim Phụng | D51: {=XLOOKUP(F51,'GSM T4.2026'!$D:$D,'GSM T4.2026'!$B:$B)} -> SSR | E51: {=XLOOKUP(F51,'GSM T4.2026'!D:D,'GSM T4.2026'!$E:$E)} -> HCM 004 | F51: KFM_HCM_NBE - SH14-15 Saigon South Residences | G51: 45977 | H51: =TODAY()-G51 -> 193 | I51: 46120 | J51: =I51-2 -> 46118 | K51: =I51-5 -> 46115 | L51: 04/04/2026 - 11/04/2026 | M51: DONE | N51: 46207 | O51: =if(K51-TODAY()<0,0,K51-today()) -> 0 | P51: KK TỔNG BÀN GIAO SM | Y51: =MONTH(I51) -> 4
A52: =ROW()-9 -> 43 | B52: {=XLOOKUP(D52,'GSM T4.2026'!$B$1:$B$996,'GSM T4.2026'!$C$1:$C$996)} -> 45597 | C52: {=XLOOKUP(F52,'GSM T4.2026'!D:D,'GSM T4.2026'!F:F)} -> Lâm Văn Tú | D52: {=XLOOKUP(F52,'GSM T4.2026'!$D:$D,'GSM T4.2026'!$B:$B)} -> TVK | E52: {=XLOOKUP(F52,'GSM T4.2026'!D:D,'GSM T4.2026'!$E:$E)} -> HCM 028 | F52: KFM_HCM_TPH - 66 Trương Vĩnh Ký | G52: 45981 | H52: =TODAY()-G52 -> 189 | I52: 46119 | J52: =I52-2 -> 46117 | K52: =I52-3 -> 46116 | L52: 04/04/2026 - 09/04/2026 | M52: DONE | N52: 46269 | O52: =if(K52-TODAY()<0,0,K52-today()) -> 0 | P52: KK TỔNG BÀN GIAO SM | Y52: =MONTH(I52) -> 4
A53: =ROW()-9 -> 44 | B53: {=XLOOKUP(D53,'GSM T4.2026'!$B$1:$B$996,'GSM T4.2026'!$C$1:$C$996)} -> 24/08/2024 | C53: {=XLOOKUP(F53,'GSM T4.2026'!D:D,'GSM T4.2026'!F:F)} -> Lê Ngọc Phát | D53: {=XLOOKUP(F53,'GSM T4.2026'!$D:$D,'GSM T4.2026'!$B:$B)} -> HPD | E53: {=XLOOKUP(F53,'GSM T4.2026'!D:D,'GSM T4.2026'!$E:$E)} -> HCM 027 | F53: KFM_BDU_DAN - 01-06 TMDV Him Lam Phú Đông | G53: 45918 | H53: =TODAY()-G53 -> 252 | I53: 46121 | J53: =I53-3 -> 46118 | K53: =I53-5 -> 46116 | L53: 04/04/2026 - 10/04/2026 | M53: DONE | N53: 46330 | O53: =if(K53-TODAY()<0,0,K53-today()) -> 0 | P53: KK TỔNG BÀN GIAO SM | Y53: =MONTH(I53) -> 4 | Z53: Dời KK trễ 1 ngày -> 9.4
A54: =ROW()-9 -> 45 | B54: {=XLOOKUP(D54,'GSM T4.2026'!$B$1:$B$996,'GSM T4.2026'!$C$1:$C$996)} -> 25/10/2022 | C54: {=XLOOKUP(F54,'GSM T4.2026'!D:D,'GSM T4.2026'!F:F)} -> Nguyễn Thị Ngọc Thảo | D54: {=XLOOKUP(F54,'GSM T4.2026'!$D:$D,'GSM T4.2026'!$B:$B)} -> CN1 | E54: {=XLOOKUP(F54,'GSM T4.2026'!D:D,'GSM T4.2026'!$E:$E)} -> HCM 012 | F54: KFM_HCM_TPH - 48 CN1 | G54: 45792 | H54: =TODAY()-G54 -> 378 | I54: 46121 | J54: =I54-2 -> 46119 | K54: =I54-4 -> 46117 | L54: 04/04/2026 - 11/04/2026 | M54: DONE | N54: 46116 | O54: =if(K54-TODAY()<0,0,K54-today()) -> 0 | P54: KK TỔNG BÀN GIAO SM | Y54: =MONTH(I54) -> 4 | Z54: Dời KK trễ 1 ngày -> 9.4
A55: =ROW()-9 -> 46 | B55: {=XLOOKUP(D55,'GSM T4.2026'!$B$1:$B$996,'GSM T4.2026'!$C$1:$C$996)} -> 29/10/2021 | C55: {=XLOOKUP(F55,'GSM T4.2026'!D:D,'GSM T4.2026'!F:F)} -> Cao Chánh Tuấn | D55: {=XLOOKUP(F55,'GSM T4.2026'!$D:$D,'GSM T4.2026'!$B:$B)} -> PHG | E55: {=XLOOKUP(F55,'GSM T4.2026'!D:D,'GSM T4.2026'!$E:$E)} -> HCM 010 | F55: KFM_HCM_BCH - 10 Phạm Hùng | G55: 45960 | H55: =TODAY()-G55 -> 210 | J55: =I55-2 -> -2 | K55: =I55-4 -> -4 | O55: =if(K55-TODAY()<0,0,K55-today()) -> 0 | Y55: =MONTH(I55) -> 12
A56: =ROW()-9 -> 47 | B56: {=XLOOKUP(D56,'GSM T4.2026'!$B$1:$B$996,'GSM T4.2026'!$C$1:$C$996)} -> 45269 | C56: {=XLOOKUP(F56,'GSM T4.2026'!D:D,'GSM T4.2026'!F:F)} -> Cao Chánh Tuấn | D56: {=XLOOKUP(F56,'GSM T4.2026'!$D:$D,'GSM T4.2026'!$B:$B)} -> PGS | E56: {=XLOOKUP(F56,'GSM T4.2026'!D:D,'GSM T4.2026'!$E:$E)} -> HCM 010 | F56: KFM_HCM_Q08 - 01.18 Pegasuite | G56: 45972 | H56: =TODAY()-G56 -> 198 | J56: =I56-2 -> -2 | K56: =I56-4 -> -4 | O56: =if(K56-TODAY()<0,0,K56-today()) -> 0 | Y56: =MONTH(I56) -> 12
A57: =ROW()-9 -> 48 | B57: {=XLOOKUP(D57,'GSM T4.2026'!$B$1:$B$996,'GSM T4.2026'!$C$1:$C$996)} -> 45933 | C57: {=XLOOKUP(F57,'GSM T4.2026'!D:D,'GSM T4.2026'!F:F)} -> Cao Chánh Tuấn | D57: {=XLOOKUP(F57,'GSM T4.2026'!$D:$D,'GSM T4.2026'!$B:$B)} -> A114 | E57: {=XLOOKUP(F57,'GSM T4.2026'!D:D,'GSM T4.2026'!$E:$E)} -> HCM 010 | F57: KFM_HCM_Q08 - 320 Hưng Phú | G57: 45968 | H57: =TODAY()-G57 -> 202 | J57: =I57-2 -> -2 | K57: =I57-4 -> -4 | O57: =if(K57-TODAY()<0,0,K57-today()) -> 0 | Y57: =MONTH(I57) -> 12
A58: =ROW()-9 -> 49 | B58: {=XLOOKUP(D58,'GSM T4.2026'!$B$1:$B$996,'GSM T4.2026'!$C$1:$C$996)} -> 27/10/2022 | C58: {=XLOOKUP(F58,'GSM T4.2026'!D:D,'GSM T4.2026'!F:F)} -> Hứa Thái Hiển | D58: {=XLOOKUP(F58,'GSM T4.2026'!$D:$D,'GSM T4.2026'!$B:$B)} -> PHL | E58: {=XLOOKUP(F58,'GSM T4.2026'!D:D,'GSM T4.2026'!$E:$E)} -> HCM 023 | F58: KFM_HCM_Q07 - 233 Phạm Hữu Lầu | G58: 45826 | H58: =TODAY()-G58 -> 344 | I58: 46121 | J58: =I58-2 -> 46119 | K58: =I58-4 -> 46117 | L58: 05/04/2026 - 12/04/2026 | M58: DONE | N58: 46177 | O58: =if(K58-TODAY()<0,0,K58-today()) -> 0 | P58: KK TỔNG BÀN GIAO SM | Y58: =MONTH(I58) -> 4
A59: =ROW()-9 -> 50 | B59: {=XLOOKUP(D59,'GSM T4.2026'!$B$1:$B$996,'GSM T4.2026'!$C$1:$C$996)} -> 20/12/2024 | C59: {=XLOOKUP(F59,'GSM T4.2026'!D:D,'GSM T4.2026'!F:F)} -> Huỳnh Ngọc Phương | D59: {=XLOOKUP(F59,'GSM T4.2026'!$D:$D,'GSM T4.2026'!$B:$B)} -> CLG | E59: {=XLOOKUP(F59,'GSM T4.2026'!D:D,'GSM T4.2026'!$E:$E)} -> HCM 033 | F59: KFM_HCM_TBI - 64A Cửu Long | G59: 45757 | H59: =TODAY()-G59 -> 413 | I59: 46146 | J59: =I59-2 -> 46144 | K59: =I59-3 -> 46143 | L59: 01/05/2026 - 07/05/2026 | M59: DONE | N59: 46178 | O59: =if(K59-TODAY()<0,0,K59-today()) -> 0 | P59: KK TỔNG BÀN GIAO SM | Y59: =MONTH(I59) -> 5
A60: =ROW()-9 -> 51 | B60: {=XLOOKUP(D60,'GSM T4.2026'!$B$1:$B$996,'GSM T4.2026'!$C$1:$C$996)} -> 45726 | C60: {=XLOOKUP(F60,'GSM T4.2026'!D:D,'GSM T4.2026'!F:F)} -> Trương Công Nhật Tùng | D60: {=XLOOKUP(F60,'GSM T4.2026'!$D:$D,'GSM T4.2026'!$B:$B)} -> A112 | E60: {=XLOOKUP(F60,'GSM T4.2026'!D:D,'GSM T4.2026'!$E:$E)} -> HCM 030 | F60: KFM_HCM_Q1 - 93 Cô Giang | G60: 45996 | H60: =TODAY()-G60 -> 174 | J60: =I60-2 -> -2 | K60: =I60-4 -> -4 | O60: =if(K60-TODAY()<0,0,K60-today()) -> 0 | Y60: =MONTH(I60) -> 12
A61: =ROW()-9 -> 52 | B61: {=XLOOKUP(D61,'GSM T4.2026'!$B$1:$B$996,'GSM T4.2026'!$C$1:$C$996)} -> 16/12/2023 | C61: {=XLOOKUP(F61,'GSM T4.2026'!D:D,'GSM T4.2026'!F:F)} -> Hồ Xuân Thịnh | D61: {=XLOOKUP(F61,'GSM T4.2026'!$D:$D,'GSM T4.2026'!$B:$B)} -> VH3 | E61: {=XLOOKUP(F61,'GSM T4.2026'!D:D,'GSM T4.2026'!$E:$E)} -> HCM 021 | F61: KFM_HCM_TDU - S1.05 Vinhomes Grand Park | G61: 45770 | H61: =TODAY()-G61 -> 400 | I61: 46149 | J61: =I61-3 -> 46146 | K61: =I61-4 -> 46145 | L61: 03/05/2026 - 09/05/2026 | M61: DONE | O61: =if(K61-TODAY()<0,0,K61-today()) -> 0 | P61: KIỂM TỔNG 2026 | Y61: =MONTH(I61) -> 5
A62: =ROW()-9 -> 53 | B62: {=XLOOKUP(D62,'GSM T4.2026'!$B$1:$B$996,'GSM T4.2026'!$C$1:$C$996)} -> 31/08/2024 | C62: {=XLOOKUP(F62,'GSM T4.2026'!D:D,'GSM T4.2026'!F:F)} -> Lê Thị Bích Liểu | D62: {=XLOOKUP(F62,'GSM T4.2026'!$D:$D,'GSM T4.2026'!$B:$B)} -> VH4 | E62: {=XLOOKUP(F62,'GSM T4.2026'!D:D,'GSM T4.2026'!$E:$E)} -> HCM 034 | F62: KFM_HCM_TDU - S07.02 Vinhomes Grand Park | G62: 45943 | H62: =TODAY()-G62 -> 227 | J62: =I62-2 -> -2 | K62: =I62-4 -> -4 | O62: =if(K62-TODAY()<0,0,K62-today()) -> 0 | Y62: =MONTH(I62) -> 12
A63: =ROW()-9 -> 54 | B63: {=XLOOKUP(D63,'GSM T4.2026'!$B$1:$B$996,'GSM T4.2026'!$C$1:$C$996)} -> 45296 | C63: {=XLOOKUP(F63,'GSM T4.2026'!D:D,'GSM T4.2026'!F:F)} -> Nguyễn Văn Lâm | D63: {=XLOOKUP(F63,'GSM T4.2026'!$D:$D,'GSM T4.2026'!$B:$B)} -> EHS | E63: {=XLOOKUP(F63,'GSM T4.2026'!D:D,'GSM T4.2026'!$E:$E)} -> HCM 007 | F63: KFM_HCM_TDU - A0.01 EHomeS Phú Hữu | G63: 45792 | H63: =TODAY()-G63 -> 378 | I63: 46122 | J63: =I63-2 -> 46120 | K63: =I63-4 -> 46118 | L63: 06/04/2026 - 13/04/2026 | M63: DONE | N63: 46207 | O63: =if(K63-TODAY()<0,0,K63-today()) -> 0 | P63: KK TỔNG BÀN GIAO SM | Y63: =MONTH(I63) -> 4
A64: =ROW()-9 -> 55 | B64: {=XLOOKUP(D64,'GSM T4.2026'!$B$1:$B$996,'GSM T4.2026'!$C$1:$C$996)} -> 46205 | C64: {=XLOOKUP(F64,'GSM T4.2026'!D:D,'GSM T4.2026'!F:F)} -> Võ Thị Thùy Dương | D64: {=XLOOKUP(F64,'GSM T4.2026'!$D:$D,'GSM T4.2026'!$B:$B)} -> A136 | E64: {=XLOOKUP(F64,'GSM T4.2026'!D:D,'GSM T4.2026'!$E:$E)} -> HCM 032 | F64: KFM_HCM_Q03 - 125 Nguyễn Phúc Nguyên | G64: NSO | H64: NSO | I64: 46147 | J64: =I64-2 -> 46145 | K64: =I64-2 -> 46145 | L64: 03/05/2026 - 08/05/2025 | M64: DONE | N64: 46208 | O64: =if(K64-TODAY()<0,0,K64-today()) -> 0 | P64: KK TỔNG BÀN GIAO SM | Y64: =MONTH(I64) -> 5
A65: =ROW()-9 -> 56 | B65: {=XLOOKUP(D65,'GSM T4.2026'!$B$1:$B$996,'GSM T4.2026'!$C$1:$C$996)} -> 45505 | C65: {=XLOOKUP(F65,'GSM T4.2026'!D:D,'GSM T4.2026'!F:F)} -> Đoàn Ngọc Thịnh | D65: {=XLOOKUP(F65,'GSM T4.2026'!$D:$D,'GSM T4.2026'!$B:$B)} -> NVD | E65: {=XLOOKUP(F65,'GSM T4.2026'!D:D,'GSM T4.2026'!$E:$E)} -> HCM 025 | F65: KFM_HCM_BTH - 42 Nguyễn Văn Đậu | G65: 45966 | H65: =TODAY()-G65 -> 204 | J65: =I65-2 -> -2 | K65: =I65-4 -> -4 | O65: =if(K65-TODAY()<0,0,K65-today()) -> 0 | Y65: =MONTH(I65) -> 12
A66: =ROW()-9 -> 57 | B66: {=XLOOKUP(D66,'GSM T4.2026'!$B$1:$B$996,'GSM T4.2026'!$C$1:$C$996)} -> 45940 | C66: {=XLOOKUP(F66,'GSM T4.2026'!D:D,'GSM T4.2026'!F:F)} -> Đoàn Ngọc Thịnh | D66: {=XLOOKUP(F66,'GSM T4.2026'!$D:$D,'GSM T4.2026'!$B:$B)} -> A115 | E66: {=XLOOKUP(F66,'GSM T4.2026'!D:D,'GSM T4.2026'!$E:$E)} -> HCM 025 | F66: KFM_HCM_BTH - 484B Lê Quang Định | G66: 45995 | H66: =TODAY()-G66 -> 175 | J66: =I66-2 -> -2 | K66: =I66-4 -> -4 | O66: =if(K66-TODAY()<0,0,K66-today()) -> 0 | Y66: =MONTH(I66) -> 12
A67: =ROW()-9 -> 58 | B67: {=XLOOKUP(D67,'GSM T4.2026'!$B$1:$B$996,'GSM T4.2026'!$C$1:$C$996)} -> 23/07/2022 | C67: {=XLOOKUP(F67,'GSM T4.2026'!D:D,'GSM T4.2026'!F:F)} -> Đoàn Ngọc Thịnh | D67: {=XLOOKUP(F67,'GSM T4.2026'!$D:$D,'GSM T4.2026'!$B:$B)} -> NHG | E67: {=XLOOKUP(F67,'GSM T4.2026'!D:D,'GSM T4.2026'!$E:$E)} -> HCM 025 | F67: KFM_HCM_GVA - 15 Nguyên Hồng | G67: 45835 | H67: =TODAY()-G67 -> 335 | J67: =I67-2 -> -2 | K67: =I67-4 -> -4 | O67: =if(K67-TODAY()<0,0,K67-today()) -> 0 | Y67: =MONTH(I67) -> 12
A68: =ROW()-9 -> 59 | B68: {=XLOOKUP(D68,'GSM T4.2026'!$B$1:$B$996,'GSM T4.2026'!$C$1:$C$996)} -> 45665 | C68: {=XLOOKUP(F68,'GSM T4.2026'!D:D,'GSM T4.2026'!F:F)} -> Võ Thị Thùy Dương | D68: {=XLOOKUP(F68,'GSM T4.2026'!$D:$D,'GSM T4.2026'!$B:$B)} -> HHG | E68: {=XLOOKUP(F68,'GSM T4.2026'!D:D,'GSM T4.2026'!$E:$E)} -> HCM 032 | F68: KFM_HCM_Q10 - 103 Hòa Hưng | G68: 45771 | H68: =TODAY()-G68 -> 399 | I68: 46121 | J68: =I68-2 -> 46119 | K68: =I68-2 -> 46119 | L68: 07/04/2026 - 14/04/2026 | M68: DONE | N68: 46360 | O68: =if(K68-TODAY()<0,0,K68-today()) -> 0 | P68: KK TỔNG BÀN GIAO SM | Y68: =MONTH(I68) -> 4
A69: =ROW()-9 -> 60 | B69: {=XLOOKUP(D69,'GSM T4.2026'!$B$1:$B$996,'GSM T4.2026'!$C$1:$C$996)} -> 13/07/2024 | C69: {=XLOOKUP(F69,'GSM T4.2026'!D:D,'GSM T4.2026'!F:F)} -> Hồng Trọng Nghĩa | D69: {=XLOOKUP(F69,'GSM T4.2026'!$D:$D,'GSM T4.2026'!$B:$B)} -> MZ2 | E69: {=XLOOKUP(F69,'GSM T4.2026'!D:D,'GSM T4.2026'!$E:$E)} -> HCM 022 | F69: KFM_HCM_BCH - A7-8 Valora Mizuki | G69: 45876 | H69: =TODAY()-G69 -> 294 | J69: =I69-2 -> -2 | K69: =I69-4 -> -4 | O69: =if(K69-TODAY()<0,0,K69-today()) -> 0 | Y69: =MONTH(I69) -> 12
A70: =ROW()-9 -> 61 | B70: {=XLOOKUP(D70,'GSM T4.2026'!$B$1:$B$996,'GSM T4.2026'!$C$1:$C$996)} -> 20/12/2024 | C70: {=XLOOKUP(F70,'GSM T4.2026'!D:D,'GSM T4.2026'!F:F)} -> Huỳnh Thị Tuyết Nhi | D70: {=XLOOKUP(F70,'GSM T4.2026'!$D:$D,'GSM T4.2026'!$B:$B)} -> LPM | E70: {=XLOOKUP(F70,'GSM T4.2026'!D:D,'GSM T4.2026'!$E:$E)} -> HCM 002 | F70: KFM_HCM_Q07 - 39 Lý Phục Man | G70: 45767 | H70: =TODAY()-G70 -> 403 | I70: 46150 | J70: =I70-1 -> 46149 | K70: =I70-4 -> 46146 | L70: 03/05/2026 - 09/05/2026 | M70: DONE | N70: 46178 | O70: =if(K70-TODAY()<0,0,K70-today()) -> 0 | P70: KK TỔNG BÀN GIAO SM | Y70: =MONTH(I70) -> 5 | Z70: Huỷ phiếu 25.4 dời KK tổng sang 8.5
A71: =ROW()-9 -> 62 | B71: {=XLOOKUP(D71,'GSM T4.2026'!$B$1:$B$996,'GSM T4.2026'!$C$1:$C$996)} -> 23/08/2024 | C71: {=XLOOKUP(F71,'GSM T4.2026'!D:D,'GSM T4.2026'!F:F)} -> Lê Nguyễn Ngọc Phượng | D71: {=XLOOKUP(F71,'GSM T4.2026'!$D:$D,'GSM T4.2026'!$B:$B)} -> HTC | E71: {=XLOOKUP(F71,'GSM T4.2026'!D:D,'GSM T4.2026'!$E:$E)} -> HCM 016 | F71: KFM_HCM_Q03 - 14 Huỳnh Tịnh Của | G71: 45971 | H71: =TODAY()-G71 -> 199 | I71: 46150 | J71: =I71+3 -> 46153 | K71: =I71-3 -> 46147 | L71: 07/05/2026 - 15/05/2026 | M71: DONE | N71: 13/05/2026 | O71: =if(K71-TODAY()<0,0,K71-today()) -> 0 | P71: KK TỔNG BÀN GIAO SM | Y71: =MONTH(I71) -> 5
A72: =ROW()-9 -> 63 | B72: {=XLOOKUP(D72,'GSM T4.2026'!$B$1:$B$996,'GSM T4.2026'!$C$1:$C$996)} -> 20/04/2024 | C72: {=XLOOKUP(F72,'GSM T4.2026'!D:D,'GSM T4.2026'!F:F)} -> Trần Thanh Hiền | D72: {=XLOOKUP(F72,'GSM T4.2026'!$D:$D,'GSM T4.2026'!$B:$B)} -> IAP | E72: {=XLOOKUP(F72,'GSM T4.2026'!D:D,'GSM T4.2026'!$E:$E)} -> HCM 019 | F72: KFM_HCM_TDU - Block B Imperia An Phú | G72: 45752 | H72: =TODAY()-G72 -> 418 | I72: 46153 | J72: =I72-2 -> 46151 | K72: =I72-4 -> 46149 | L72: 07/05/2026 - 13/05/2026 | M72: DONE | O72: =if(K72-TODAY()<0,0,K72-today()) -> 0 | P72: KIỂM TỔNG 2026 | Y72: =MONTH(I72) -> 5
A73: =ROW()-9 -> 64 | B73: {=XLOOKUP(D73,'GSM T4.2026'!$B$1:$B$996,'GSM T4.2026'!$C$1:$C$996)} -> 14/10/2022 | C73: {=XLOOKUP(F73,'GSM T4.2026'!D:D,'GSM T4.2026'!F:F)} -> Nguyễn Thị Ngọc Thảo | D73: {=XLOOKUP(F73,'GSM T4.2026'!$D:$D,'GSM T4.2026'!$B:$B)} -> NTU | E73: {=XLOOKUP(F73,'GSM T4.2026'!D:D,'GSM T4.2026'!$E:$E)} -> HCM 012 | F73: KFM_HCM_BTA - 46 Nguyễn Thị Tú | G73: 45794 | H73: =TODAY()-G73 -> 376 | I73: 46125 | J73: =I73-3 -> 46122 | K73: =I73-5 -> 46120 | L73: 08/04/2026 - 15/04/2026 | M73: DONE | N73: 46269 | O73: =if(K73-TODAY()<0,0,K73-today()) -> 0 | P73: KK TỔNG BÀN GIAO SM | Y73: =MONTH(I73) -> 4
A74: =ROW()-9 -> 65 | B74: {=XLOOKUP(D74,'GSM T4.2026'!$B$1:$B$996,'GSM T4.2026'!$C$1:$C$996)} -> 45387 | C74: {=XLOOKUP(F74,'GSM T4.2026'!D:D,'GSM T4.2026'!F:F)} -> Hứa Thái Hiển | D74: {=XLOOKUP(F74,'GSM T4.2026'!$D:$D,'GSM T4.2026'!$B:$B)} -> LTC | E74: {=XLOOKUP(F74,'GSM T4.2026'!D:D,'GSM T4.2026'!$E:$E)} -> HCM 023 | F74: KFM_HCM_Q07 - 97 Lê Thị Chợ | G74: 45968 | H74: =TODAY()-G74 -> 202 | J74: =I74-2 -> -2 | K74: =I74-4 -> -4 | O74: =if(K74-TODAY()<0,0,K74-today()) -> 0 | Y74: =MONTH(I74) -> 12
A75: =ROW()-9 -> 66 | B75: {=XLOOKUP(D75,'GSM T4.2026'!$B$1:$B$996,'GSM T4.2026'!$C$1:$C$996)} -> 45568 | C75: {=XLOOKUP(F75,'GSM T4.2026'!D:D,'GSM T4.2026'!F:F)} -> Đặng Đăng Khoa | D75: {=XLOOKUP(F75,'GSM T4.2026'!$D:$D,'GSM T4.2026'!$B:$B)} -> NVK | E75: {=XLOOKUP(F75,'GSM T4.2026'!D:D,'GSM T4.2026'!$E:$E)} -> HCM 036 | F75: KFM_HCM_GVA - 299 Nguyễn Văn Khối | G75: 45950 | H75: =TODAY()-G75 -> 220 | J75: =I75-2 -> -2 | K75: =I75-4 -> -4 | O75: =if(K75-TODAY()<0,0,K75-today()) -> 0 | Y75: =MONTH(I75) -> 12
A76: =ROW()-9 -> 67 | B76: {=XLOOKUP(D76,'GSM T4.2026'!$B$1:$B$996,'GSM T4.2026'!$C$1:$C$996)} -> 23/02/2023 | C76: {=XLOOKUP(F76,'GSM T4.2026'!D:D,'GSM T4.2026'!F:F)} -> Huỳnh Ngọc Phương | D76: {=XLOOKUP(F76,'GSM T4.2026'!$D:$D,'GSM T4.2026'!$B:$B)} -> DQH | E76: {=XLOOKUP(F76,'GSM T4.2026'!D:D,'GSM T4.2026'!$E:$E)} -> HCM 033 | F76: KFM_HCM_GVA - 372 Dương Quảng Hàm | G76: 45966 | H76: =TODAY()-G76 -> 204 | J76: =I76-2 -> -2 | K76: =I76-4 -> -4 | O76: =if(K76-TODAY()<0,0,K76-today()) -> 0 | Y76: =MONTH(I76) -> 12
A77: =ROW()-9 -> 68 | B77: {=XLOOKUP(D77,'GSM T4.2026'!$B$1:$B$996,'GSM T4.2026'!$C$1:$C$996)} -> 45877 | C77: {=XLOOKUP(F77,'GSM T4.2026'!D:D,'GSM T4.2026'!F:F)} -> Huỳnh Ngọc Phương | D77: {=XLOOKUP(F77,'GSM T4.2026'!$D:$D,'GSM T4.2026'!$B:$B)} -> A106 | E77: {=XLOOKUP(F77,'GSM T4.2026'!D:D,'GSM T4.2026'!$E:$E)} -> HCM 033 | F77: KFM_HCM_PNH - T1-5 TMDV Orchard Garden | G77: 45971 | H77: =TODAY()-G77 -> 199 | I77: 46125 | J77: =I77-3 -> 46122 | K77: =I77-4 -> 46121 | L77: 09/04/2026 - 16/04/2026 | M77: DONE | N77: 15/04/2026 | O77: =if(K77-TODAY()<0,0,K77-today()) -> 0 | P77: KK TỔNG BÀN GIAO SM | Y77: =MONTH(I77) -> 4
A78: =ROW()-9 -> 69 | B78: {=XLOOKUP(D78,'GSM T4.2026'!$B$1:$B$996,'GSM T4.2026'!$C$1:$C$996)} -> 44114 | C78: {=XLOOKUP(F78,'GSM T4.2026'!D:D,'GSM T4.2026'!F:F)} -> Trần Hữu Vinh | D78: {=XLOOKUP(F78,'GSM T4.2026'!$D:$D,'GSM T4.2026'!$B:$B)} -> HHT | E78: {=XLOOKUP(F78,'GSM T4.2026'!D:D,'GSM T4.2026'!$E:$E)} -> HCM 015 | F78: KFM_HCM_TBI - 22 Hoàng Hoa Thám | G78: 45883 | H78: =TODAY()-G78 -> 287 | J78: =I78-2 -> -2 | K78: =I78-4 -> -4 | O78: =if(K78-TODAY()<0,0,K78-today()) -> 0 | Y78: =MONTH(I78) -> 12
A79: =ROW()-9 -> 70 | B79: {=XLOOKUP(D79,'GSM T4.2026'!$B$1:$B$996,'GSM T4.2026'!$C$1:$C$996)} -> 25/11/2023 | C79: {=XLOOKUP(F79,'GSM T4.2026'!D:D,'GSM T4.2026'!F:F)} -> Lâm Văn Tú | D79: {=XLOOKUP(F79,'GSM T4.2026'!$D:$D,'GSM T4.2026'!$B:$B)} -> HMN | E79: {=XLOOKUP(F79,'GSM T4.2026'!D:D,'GSM T4.2026'!$E:$E)} -> HCM 028 | F79: KFM_HCM_TBI - Block C Harmona | G79: 45965 | H79: =TODAY()-G79 -> 205 | J79: =I79-2 -> -2 | K79: =I79-4 -> -4 | O79: =if(K79-TODAY()<0,0,K79-today()) -> 0 | Y79: =MONTH(I79) -> 12
A80: =ROW()-9 -> 71 | B80: {=XLOOKUP(D80,'GSM T4.2026'!$B$1:$B$996,'GSM T4.2026'!$C$1:$C$996)} -> 25/08/2023 | C80: {=XLOOKUP(F80,'GSM T4.2026'!D:D,'GSM T4.2026'!F:F)} -> Lâm Văn Tú | D80: {=XLOOKUP(F80,'GSM T4.2026'!$D:$D,'GSM T4.2026'!$B:$B)} -> GDU | E80: {=XLOOKUP(F80,'GSM T4.2026'!D:D,'GSM T4.2026'!$E:$E)} -> HCM 028 | F80: KFM_HCM_TPH - 116 Gò Dầu | G80: 45968 | H80: =TODAY()-G80 -> 202 | J80: =I80-2 -> -2 | K80: =I80-4 -> -4 | O80: =if(K80-TODAY()<0,0,K80-today()) -> 0 | Y80: =MONTH(I80) -> 12
A81: =ROW()-9 -> 72 | B81: {=XLOOKUP(D81,'GSM T4.2026'!$B$1:$B$996,'GSM T4.2026'!$C$1:$C$996)} -> 45820 | C81: {=XLOOKUP(F81,'GSM T4.2026'!D:D,'GSM T4.2026'!F:F)} -> Lê Ngọc Thảo | D81: {=XLOOKUP(F81,'GSM T4.2026'!$D:$D,'GSM T4.2026'!$B:$B)} -> A128 | E81: {=XLOOKUP(F81,'GSM T4.2026'!D:D,'GSM T4.2026'!$E:$E)} -> HCM 008 | F81: KFM_HCM_GVA - TM0.03 CH3 Cityland Park Hill | G81: NSO | H81: NSO | I81: 46127 | J81: =I81-2 -> 46125 | K81: =I81-4 -> 46123 | L81: 11/04/2026 - 17/04/2026 | M81: DONE | N81: 24/04/2026 | O81: =if(K81-TODAY()<0,0,K81-today()) -> 0 | P81: KK TỔNG BÀN GIAO SM | Y81: =MONTH(I81) -> 4 | Z81: Bổ sung kk Tài sản 24.4 , đổ lại ngày 02.05
A82: =ROW()-9 -> 73 | B82: {=XLOOKUP(D82,'GSM T4.2026'!$B$1:$B$996,'GSM T4.2026'!$C$1:$C$996)} -> 27/11/2025 | C82: {=XLOOKUP(F82,'GSM T4.2026'!D:D,'GSM T4.2026'!F:F)} -> Trần Tiến Thạnh | D82: {=XLOOKUP(F82,'GSM T4.2026'!$D:$D,'GSM T4.2026'!$B:$B)} -> A123 | E82: {=XLOOKUP(F82,'GSM T4.2026'!D:D,'GSM T4.2026'!$E:$E)} -> HCM 026 | F82: KFM_HCM_TDU - 29B Đường Số 30 4S Linh Đông | G82: NSO | H82: NSO | I82: 46127 | J82: =I82-2 -> 46125 | K82: =I82-3 -> 46124 | L82: 12/04/2026 - 18/04/2026 | M82: DONE | N82: 16/04/2026 | O82: =if(K82-TODAY()<0,0,K82-today()) -> 0 | P82: KK TỔNG BÀN GIAO SM | Y82: =MONTH(I82) -> 4
A83: =ROW()-9 -> 74 | B83: {=XLOOKUP(D83,'GSM T4.2026'!$B$1:$B$996,'GSM T4.2026'!$C$1:$C$996)} -> 19/12/2025 | C83: {=XLOOKUP(F83,'GSM T4.2026'!D:D,'GSM T4.2026'!F:F)} -> Trần Huỳnh Thơ | D83: {=XLOOKUP(F83,'GSM T4.2026'!$D:$D,'GSM T4.2026'!$B:$B)} -> A138 | E83: {=XLOOKUP(F83,'GSM T4.2026'!D:D,'GSM T4.2026'!$E:$E)} -> HCM 013 | F83: KFM_HCM_TBI - 48 Trần Văn Quang | G83: NSO | H83: NSO | I83: 46153 | J83: =I83-2 -> 46151 | K83: =I83-4 -> 46149 | L83: 07/05/2026 - 13/05/2026 | M83: DONE | N83: 16/05/2026 | O83: =if(K83-TODAY()<0,0,K83-today()) -> 0 | P83: KK TỔNG BÀN GIAO SM | Y83: =MONTH(I83) -> 5
A84: =ROW()-9 -> 75 | B84: {=XLOOKUP(D84,'GSM T4.2026'!$B$1:$B$996,'GSM T4.2026'!$C$1:$C$996)} -> 46266 | C84: {=XLOOKUP(F84,'GSM T4.2026'!D:D,'GSM T4.2026'!F:F)} -> Phạm Duy | D84: {=XLOOKUP(F84,'GSM T4.2026'!$D:$D,'GSM T4.2026'!$B:$B)} -> A129 | E84: {=XLOOKUP(F84,'GSM T4.2026'!D:D,'GSM T4.2026'!$E:$E)} -> HCM 024 | F84: KFM_HCM_Q07 - 17 Đường số 16, Khu Nam Viên Midtown | G84: NSO | H84: NSO | I84: 46153 | J84: =I84-2 -> 46151 | K84: =I84-3 -> 46150 | L84: 08/05/2026 - 12/05/2026 | M84: DONE | O84: =if(K84-TODAY()<0,0,K84-today()) -> 0 | P84: KIỂM TỔNG 2026 | Y84: =MONTH(I84) -> 5
A85: =ROW()-9 -> 76 | B85: {=XLOOKUP(D85,'GSM T4.2026'!$B$1:$B$996,'GSM T4.2026'!$C$1:$C$996)} -> 46205 | C85: {=XLOOKUP(F85,'GSM T4.2026'!D:D,'GSM T4.2026'!F:F)} -> Nguyễn Thuỷ Tiên | D85: {=XLOOKUP(F85,'GSM T4.2026'!$D:$D,'GSM T4.2026'!$B:$B)} -> A144 | E85: {=XLOOKUP(F85,'GSM T4.2026'!D:D,'GSM T4.2026'!$E:$E)} -> HCM 003 | F85: KFM_HCM_Q07 - A01-06 Hoàng Anh Thanh Bình | G85: NSO | H85: NSO | I85: 46156 | J85: =I85-2 -> 46154 | K85: =I85-4 -> 46152 | L85: 11/05/2026 - 17/05/2026 | M85: DONE | O85: =if(K85-TODAY()<0,0,K85-today()) -> 0 | P85: KIỂM TỔNG 2026 | Y85: =MONTH(I85) -> 5
A86: =ROW()-9 -> 77 | B86: 14/11/2025 | C86: {=XLOOKUP(F86,'GSM T4.2026'!D:D,'GSM T4.2026'!F:F)} -> Đặng Đăng Khoa | D86: A116 | E86: {=XLOOKUP(F86,'GSM T4.2026'!D:D,'GSM T4.2026'!$E:$E)} -> HCM 036 | F86: KFM_HCM_Q12 - 76 Trần Thị Cờ | G86: 46008 | H86: =TODAY()-G86 -> 162 | J86: =I86-2 -> -2 | K86: =I86-4 -> -4 | O86: =if(K86-TODAY()<0,0,K86-today()) -> 0 | Y86: =MONTH(I86) -> 12
A87: =ROW()-9 -> 78 | B87: {=XLOOKUP(D87,'GSM T4.2026'!$B$1:$B$996,'GSM T4.2026'!$C$1:$C$996)} -> 30/01/2026 | C87: {=XLOOKUP(F87,'GSM T4.2026'!D:D,'GSM T4.2026'!F:F)} -> Nguyễn Thị Ngọc Giàu | D87: {=XLOOKUP(F87,'GSM T4.2026'!$D:$D,'GSM T4.2026'!$B:$B)} -> A134 | E87: {=XLOOKUP(F87,'GSM T4.2026'!D:D,'GSM T4.2026'!$E:$E)} -> HCM 031 | F87: KFM_HCM_BTA - 4535 Nguyễn Cửu Phú | G87: NSO | H87: NSO | I87: 46128 | J87: =I87-2 -> 46126 | K87: =I87-3 -> 46125 | L87: 13/04/2026 - 18/04/2026 | M87: DONE | N87: 13/04/2026 | O87: =if(K87-TODAY()<0,0,K87-today()) -> 0 | P87: KK TỔNG BÀN GIAO SM | Y87: =MONTH(I87) -> 4
A88: =ROW()-9 -> 79 | B88: {=XLOOKUP(D88,'GSM T4.2026'!$B$1:$B$996,'GSM T4.2026'!$C$1:$C$996)} -> 44654 | C88: {=XLOOKUP(F88,'GSM T4.2026'!D:D,'GSM T4.2026'!F:F)} -> Lê Nguyễn Ngọc Phượng | D88: {=XLOOKUP(F88,'GSM T4.2026'!$D:$D,'GSM T4.2026'!$B:$B)} -> VHT | E88: {=XLOOKUP(F88,'GSM T4.2026'!D:D,'GSM T4.2026'!$E:$E)} -> HCM 016 | F88: KFM_HCM_BTH - 54 Vũ Huy Tấn | G88: 45986 | H88: =TODAY()-G88 -> 184 | J88: =I88-2 -> -2 | K88: =I88-4 -> -4 | O88: =if(K88-TODAY()<0,0,K88-today()) -> 0 | Y88: =MONTH(I88) -> 12
A89: =ROW()-9 -> 80 | B89: {=XLOOKUP(D89,'GSM T4.2026'!$B$1:$B$996,'GSM T4.2026'!$C$1:$C$996)} -> 17/01/2026 | C89: {=XLOOKUP(F89,'GSM T4.2026'!D:D,'GSM T4.2026'!F:F)} -> Trần Văn Hiếu | D89: {=XLOOKUP(F89,'GSM T4.2026'!$D:$D,'GSM T4.2026'!$B:$B)} -> A145 | E89: {=XLOOKUP(F89,'GSM T4.2026'!D:D,'GSM T4.2026'!$E:$E)} -> HCM 014 | F89: KFM_HCM_TPH - 379 Thạch Lam | G89: NSO | H89: NSO | I89: 46128 | J89: =I89-1 -> 46127 | K89: =I89-2 -> 46126 | L89: 14/04/2026 - 18/04/2026 | M89: DONE | N89: 14/04/2026 | O89: =if(K89-TODAY()<0,0,K89-today()) -> 0 | P89: KK TỔNG BÀN GIAO SM | Y89: =MONTH(I89) -> 4
A90: =ROW()-9 -> 81 | B90: {=XLOOKUP(D90,'GSM T4.2026'!$B$1:$B$996,'GSM T4.2026'!$C$1:$C$996)} -> 13/06/2025 | C90: {=XLOOKUP(F90,'GSM T4.2026'!D:D,'GSM T4.2026'!F:F)} -> Hồ Xuân Thịnh | D90: {=XLOOKUP(F90,'GSM T4.2026'!$D:$D,'GSM T4.2026'!$B:$B)} -> A105 | E90: {=XLOOKUP(F90,'GSM T4.2026'!D:D,'GSM T4.2026'!$E:$E)} -> HCM 021 | F90: KFM_HCM_TDU - 02 Lê Lợi | G90: 45952 | H90: =TODAY()-G90 -> 218 | I90: 46156 | J90: =I90-2 -> 46154 | K90: =I90-3 -> 46153 | L90: 11/05/2026 - 17/05/2026 | M90: DONE | N90: 17/05/2026 | O90: =if(K90-TODAY()<0,0,K90-today()) -> 0 | P90: KK TỔNG BÀN GIAO SM | Y90: =MONTH(I90) -> 5
A91: =ROW()-9 -> 82 | B91: {=XLOOKUP(D91,'GSM T4.2026'!$B$1:$B$996,'GSM T4.2026'!$C$1:$C$996)} -> 30/11/2024 | C91: {=XLOOKUP(F91,'GSM T4.2026'!D:D,'GSM T4.2026'!F:F)} -> Nguyễn Bữu Trùng Dương | D91: {=XLOOKUP(F91,'GSM T4.2026'!$D:$D,'GSM T4.2026'!$B:$B)} -> CHR | E91: {=XLOOKUP(F91,'GSM T4.2026'!D:D,'GSM T4.2026'!$E:$E)} -> HCM 017 | F91: KFM_BDU_DAN - S01.11 Block A1 Charm Sapphire | G91: 45770 | H91: =TODAY()-G91 -> 400 | J91: =I91-2 -> -2 | K91: =I91-4 -> -4 | O91: =if(K91-TODAY()<0,0,K91-today()) -> 0 | Y91: =MONTH(I91) -> 12
A92: =ROW()-9 -> 83 | B92: {=XLOOKUP(D92,'GSM T4.2026'!$B$1:$B$996,'GSM T4.2026'!$C$1:$C$996)} -> 45241 | C92: {=XLOOKUP(F92,'GSM T4.2026'!D:D,'GSM T4.2026'!F:F)} -> Nguyễn Bữu Trùng Dương | D92: {=XLOOKUP(F92,'GSM T4.2026'!$D:$D,'GSM T4.2026'!$B:$B)} -> BCG | E92: {=XLOOKUP(F92,'GSM T4.2026'!D:D,'GSM T4.2026'!$E:$E)} -> HCM 017 | F92: KFM_BDU_DAN - SH01 BCons Garden | G92: 45790 | H92: =TODAY()-G92 -> 380 | J92: =I92-2 -> -2 | K92: =I92-4 -> -4 | O92: =if(K92-TODAY()<0,0,K92-today()) -> 0 | Y92: =MONTH(I92) -> 12
A93: =ROW()-9 -> 84 | B93: {=XLOOKUP(D93,'GSM T4.2026'!$B$1:$B$996,'GSM T4.2026'!$C$1:$C$996)} -> 29/03/2025 | C93: {=XLOOKUP(F93,'GSM T4.2026'!D:D,'GSM T4.2026'!F:F)} -> Nguyễn Bữu Trùng Dương | D93: {=XLOOKUP(F93,'GSM T4.2026'!$D:$D,'GSM T4.2026'!$B:$B)} -> OPS | E93: {=XLOOKUP(F93,'GSM T4.2026'!D:D,'GSM T4.2026'!$E:$E)} -> HCM 017 | F93: KFM_BDU_TAN - B.01.04 Tháp B Opal Skyline | G93: 45790 | H93: =TODAY()-G93 -> 380 | J93: =I93-2 -> -2 | K93: =I93-4 -> -4 | O93: =if(K93-TODAY()<0,0,K93-today()) -> 0 | Y93: =MONTH(I93) -> 12
A94: =ROW()-9 -> 85 | B94: {=XLOOKUP(D94,'GSM T4.2026'!$B$1:$B$996,'GSM T4.2026'!$C$1:$C$996)} -> 26/10/2024 | C94: {=XLOOKUP(F94,'GSM T4.2026'!D:D,'GSM T4.2026'!F:F)} -> Nguyễn Bữu Trùng Dương | D94: {=XLOOKUP(F94,'GSM T4.2026'!$D:$D,'GSM T4.2026'!$B:$B)} -> EMR | E94: {=XLOOKUP(F94,'GSM T4.2026'!D:D,'GSM T4.2026'!$E:$E)} -> HCM 017 | F94: KFM_BDU_TAN - Block A Emerald Golf View | G94: 45860 | H94: =TODAY()-G94 -> 310 | J94: =I94-2 -> -2 | K94: =I94-4 -> -4 | O94: =if(K94-TODAY()<0,0,K94-today()) -> 0 | Y94: =MONTH(I94) -> 12
A95: =ROW()-9 -> 86 | B95: {=XLOOKUP(D95,'GSM T4.2026'!$B$1:$B$996,'GSM T4.2026'!$C$1:$C$996)} -> 18/10/2025 | C95: {=XLOOKUP(F95,'GSM T4.2026'!D:D,'GSM T4.2026'!F:F)} -> Nguyễn Bữu Trùng Dương | D95: {=XLOOKUP(F95,'GSM T4.2026'!$D:$D,'GSM T4.2026'!$B:$B)} -> A117 | E95: {=XLOOKUP(F95,'GSM T4.2026'!D:D,'GSM T4.2026'!$E:$E)} -> HCM 017 | F95: KFM_BDU_TAN - SH04 The Rivana | G95: 46009 | H95: =TODAY()-G95 -> 161 | J95: =I95-2 -> -2 | K95: =I95-4 -> -4 | O95: =if(K95-TODAY()<0,0,K95-today()) -> 0 | Y95: =MONTH(I95) -> 12
A96: =ROW()-9 -> 87 | B96: {=XLOOKUP(D96,'GSM T4.2026'!$B$1:$B$996,'GSM T4.2026'!$C$1:$C$996)} -> 45870 | C96: {=XLOOKUP(F96,'GSM T4.2026'!D:D,'GSM T4.2026'!F:F)} -> Nguyễn Đình Vũ | D96: {=XLOOKUP(F96,'GSM T4.2026'!$D:$D,'GSM T4.2026'!$B:$B)} -> A107 | E96: {=XLOOKUP(F96,'GSM T4.2026'!D:D,'GSM T4.2026'!$E:$E)} -> HCM 006 | F96: KFM_HCM_TDU - 05 Đường D3 Phước Long | G96: 45952 | H96: =TODAY()-G96 -> 218 | J96: =I96-2 -> -2 | K96: =I96-4 -> -4 | O96: =if(K96-TODAY()<0,0,K96-today()) -> 0 | Y96: =MONTH(I96) -> 12
A97: =ROW()-9 -> 88 | B97: {=XLOOKUP(D97,'GSM T4.2026'!$B$1:$B$996,'GSM T4.2026'!$C$1:$C$996)} -> 27/09/2024 | C97: {=XLOOKUP(F97,'GSM T4.2026'!D:D,'GSM T4.2026'!F:F)} -> Nguyễn Thị Ngọc Thảo | D97: {=XLOOKUP(F97,'GSM T4.2026'!$D:$D,'GSM T4.2026'!$B:$B)} -> BTH | E97: {=XLOOKUP(F97,'GSM T4.2026'!D:D,'GSM T4.2026'!$E:$E)} -> HCM 012 | F97: KFM_HCM_BTA - 66/70 Bình Thành | G97: 45957 | H97: =TODAY()-G97 -> 213 | I97: 46131 | J97: =I97-2 -> 46129 | K97: =I97-4 -> 46127 | L97: 15/04/2026 - 21/04/2026 | M97: DONE | N97: 46360 | O97: =if(K97-TODAY()<0,0,K97-today()) -> 0 | P97: KK TỔNG BÀN GIAO SM | Y97: =MONTH(I97) -> 4
A98: =ROW()-9 -> 89 | B98: {=XLOOKUP(D98,'GSM T4.2026'!$B$1:$B$996,'GSM T4.2026'!$C$1:$C$996)} -> 17/08/2024 | C98: {=XLOOKUP(F98,'GSM T4.2026'!D:D,'GSM T4.2026'!F:F)} -> Nguyễn Văn Lâm | D98: {=XLOOKUP(F98,'GSM T4.2026'!$D:$D,'GSM T4.2026'!$B:$B)} -> JKD | E98: {=XLOOKUP(F98,'GSM T4.2026'!D:D,'GSM T4.2026'!$E:$E)} -> HCM 007 | F98: KFM_HCM_TDU - A1.04 Jamila Khang Điền | G98: 45914 | H98: =TODAY()-G98 -> 256 | J98: =I98-2 -> -2 | K98: =I98-4 -> -4 | O98: =if(K98-TODAY()<0,0,K98-today()) -> 0 | Y98: =MONTH(I98) -> 12
A99: =ROW()-9 -> 90 | B99: {=XLOOKUP(D99,'GSM T4.2026'!$B$1:$B$996,'GSM T4.2026'!$C$1:$C$996)} -> 45388 | C99: {=XLOOKUP(F99,'GSM T4.2026'!D:D,'GSM T4.2026'!F:F)} -> Nguyễn Đình Vũ | D99: {=XLOOKUP(F99,'GSM T4.2026'!$D:$D,'GSM T4.2026'!$B:$B)} -> GHA | E99: {=XLOOKUP(F99,'GSM T4.2026'!D:D,'GSM T4.2026'!$E:$E)} -> HCM 006 | F99: KFM_HCM_TDU - The Art Gia Hòa | G99: 45878 | H99: =TODAY()-G99 -> 292 | J99: =I99-2 -> -2 | K99: =I99-4 -> -4 | O99: =if(K99-TODAY()<0,0,K99-today()) -> 0 | Y99: =MONTH(I99) -> 12
A100: =ROW()-9 -> 91 | B100: {=XLOOKUP(D100,'GSM T4.2026'!$B$1:$B$996,'GSM T4.2026'!$C$1:$C$996)} -> 15/01/2025 | C100: {=XLOOKUP(F100,'GSM T4.2026'!D:D,'GSM T4.2026'!F:F)} -> Trần Thanh Hiền | D100: {=XLOOKUP(F100,'GSM T4.2026'!$D:$D,'GSM T4.2026'!$B:$B)} -> A130 | E100: {=XLOOKUP(F100,'GSM T4.2026'!D:D,'GSM T4.2026'!$E:$E)} -> HCM 019 | F100: KFM_HCM_TDU - 41 Vũ Tông Phan | G100: NSO | H100: NSO | I100: 46157 | J100: =I100-2 -> 46155 | K100: =I100-4 -> 46153 | L100: 11/05/2026 - 17/05/2026 | M100: DONE | N100: 14/05/2026 | O100: =if(K100-TODAY()<0,0,K100-today()) -> 0 | P100: KK TỔNG BÀN GIAO SM | Y100: =MONTH(I100) -> 5
...

Sheet GSM T4.2026
A1: STT | B1: Store Code | C1: opening_date | D1: Store Name | E1: GSM Code | F1: GSM Name | J1: Khai Báo hệ thống => | K1: SHOP | L1: GSM | M1: area_name | N1: region | P1: CODE | Q1: GSM | R1: RSM
A2: =ROW()-1 -> 1 | B2: A101 | C2: 45780 | D2: KFM_BDU_DAN - 27 Tân Lập | E2: =VLOOKUP(D2,$K$1:$M$237,3,0) -> HCM 027 | F2: =VLOOKUP(D2,$K$2:$L$176,2,0) -> Lê Ngọc Phát | K2: KFM_BDU_DAN - 01-06 TMDV Him Lam Phú Đông | L2: =VLOOKUP(M2,$P$2:$Q$39,2,0) -> Lê Ngọc Phát | M2: HCM 027 | N2: Regional Sales 3 | P2: HCM 001 | Q2: Nguyễn Minh Thắng | R2: Regional Sales 1
A3: =ROW()-1 -> 2 | B3: CHR | C3: 30/11/2024 | D3: KFM_BDU_DAN - S01.11 Block A1 Charm Sapphire | E3: =VLOOKUP(D3,$K$1:$M$237,3,0) -> HCM 017 | F3: =VLOOKUP(D3,$K$2:$L$176,2,0) -> Nguyễn Bữu Trùng Dương | K3: KFM_BDU_DAN - 27 Tân Lập | L3: =VLOOKUP(M3,$P$2:$Q$39,2,0) -> Lê Ngọc Phát | M3: HCM 027 | N3: Regional Sales 3 | P3: HCM 002 | Q3: Huỳnh Thị Tuyết Nhi | R3: Regional Sales 1
A4: =ROW()-1 -> 3 | B4: BCG | C4: 45241 | D4: KFM_BDU_DAN - SH01 BCons Garden | E4: =VLOOKUP(D4,$K$1:$M$237,3,0) -> HCM 017 | F4: =VLOOKUP(D4,$K$2:$L$176,2,0) -> Nguyễn Bữu Trùng Dương | K4: KFM_BDU_DAN - B2.01.05 Tháp B Opal Boulevard | L4: =VLOOKUP(M4,$P$2:$Q$39,2,0) -> Lê Ngọc Phát | M4: HCM 027 | N4: Regional Sales 3 | P4: HCM 003 | Q4: Nguyễn Thuỷ Tiên | R4: Regional Sales 1
A5: =ROW()-1 -> 4 | B5: OPS | C5: 29/03/2025 | D5: KFM_BDU_TAN - B.01.04 Tháp B Opal Skyline | E5: =VLOOKUP(D5,$K$1:$M$237,3,0) -> HCM 017 | F5: =VLOOKUP(D5,$K$2:$L$176,2,0) -> Nguyễn Bữu Trùng Dương | K5: KFM_BDU_DAN - S01.11 Block A1 Charm Sapphire | L5: =VLOOKUP(M5,$P$2:$Q$39,2,0) -> Nguyễn Bữu Trùng Dương | M5: HCM 017 | N5: Regional Sales 3 | P5: HCM 004 | Q5: Trần Kim Phụng | R5: Regional Sales 1
A6: =ROW()-1 -> 5 | B6: EMR | C6: 26/10/2024 | D6: KFM_BDU_TAN - Block A Emerald Golf View | E6: =VLOOKUP(D6,$K$1:$M$237,3,0) -> HCM 017 | F6: =VLOOKUP(D6,$K$2:$L$176,2,0) -> Nguyễn Bữu Trùng Dương | K6: KFM_BDU_DAN - SH01 BCons Garden | L6: =VLOOKUP(M6,$P$2:$Q$39,2,0) -> Nguyễn Bữu Trùng Dương | M6: HCM 017 | N6: Regional Sales 3 | P6: HCM 010 | Q6: Cao Chánh Tuấn | R6: Regional Sales 1
A7: =ROW()-1 -> 6 | B7: A117 | C7: 18/10/2025 | D7: KFM_BDU_TAN - SH04 The Rivana | E7: =VLOOKUP(D7,$K$1:$M$237,3,0) -> HCM 017 | F7: =VLOOKUP(D7,$K$2:$L$176,2,0) -> Nguyễn Bữu Trùng Dương | K7: KFM_BDU_TAN - B.01.04 Tháp B Opal Skyline | L7: =VLOOKUP(M7,$P$2:$Q$39,2,0) -> Nguyễn Bữu Trùng Dương | M7: HCM 017 | N7: Regional Sales 3 | P7: HCM 011 | Q7: Nguyễn Thị Tuyết Trinh | R7: Regional Sales 1
A8: =ROW()-1 -> 7 | B8: PHG | C8: 29/10/2021 | D8: KFM_HCM_BCH - 10 Phạm Hùng | E8: =VLOOKUP(D8,$K$1:$M$237,3,0) -> HCM 010 | F8: =VLOOKUP(D8,$K$2:$L$176,2,0) -> Cao Chánh Tuấn | K8: KFM_BDU_TAN - Block A Emerald Golf View | L8: =VLOOKUP(M8,$P$2:$Q$39,2,0) -> Nguyễn Bữu Trùng Dương | M8: HCM 017 | N8: Regional Sales 3 | P8: HCM 012 | Q8: Nguyễn Thị Ngọc Thảo | R8: Regional Sales 1
A9: =ROW()-1 -> 8 | B9: Q50 | C9: 45114 | D9: KFM_HCM_BCH - 511 Quốc Lộ 50 | E9: =VLOOKUP(D9,$K$1:$M$237,3,0) -> HCM 022 | F9: =VLOOKUP(D9,$K$2:$L$176,2,0) -> Hồng Trọng Nghĩa | K9: KFM_BDU_TAN - SH04 The Rivana | L9: =VLOOKUP(M9,$P$2:$Q$39,2,0) -> Nguyễn Bữu Trùng Dương | M9: HCM 017 | N9: Regional Sales 3 | P9: HCM 013 | Q9: Trần Huỳnh Thơ | R9: Regional Sales 1
A10: =ROW()-1 -> 9 | B10: A140 | C10: 27/12/2025 | D10: KFM_HCM_BCH - 68 Đường Số 1 Khu dân cư 6B Intresco | E10: =VLOOKUP(D10,$K$1:$M$237,3,0) -> HCM 010 | F10: =VLOOKUP(D10,$K$2:$L$176,2,0) -> Cao Chánh Tuấn | K10: KFM_HCM_BCH - 10 Phạm Hùng | L10: =VLOOKUP(M10,$P$2:$Q$39,2,0) -> Cao Chánh Tuấn | M10: HCM 010 | N10: Regional Sales 1 | P10: HCM 014 | Q10: Trần Văn Hiếu | R10: Regional Sales 1
A11: =ROW()-1 -> 10 | B11: MZ2 | C11: 13/07/2024 | D11: KFM_HCM_BCH - A7-8 Valora Mizuki | E11: =VLOOKUP(D11,$K$1:$M$237,3,0) -> HCM 022 | F11: =VLOOKUP(D11,$K$2:$L$176,2,0) -> Hồng Trọng Nghĩa | K11: KFM_HCM_BCH - 511 Quốc Lộ 50 | L11: =VLOOKUP(M11,$P$2:$Q$39,2,0) -> Hồng Trọng Nghĩa | M11: HCM 022 | N11: Regional Sales 1 | P11: HCM 015 | Q11: Trần Hữu Vinh | R11: Regional Sales 1
A12: =ROW()-1 -> 11 | B12: A133 | C12: 46082 | D12: KFM_HCM_BCH - Block G Conic Skyway | E12: =VLOOKUP(D12,$K$1:$M$237,3,0) -> HCM 022 | F12: =VLOOKUP(D12,$K$2:$L$176,2,0) -> Hồng Trọng Nghĩa | K12: KFM_HCM_BCH - 68 Đường Số 1 Khu dân cư 6B Intresco | L12: =VLOOKUP(M12,$P$2:$Q$39,2,0) -> Cao Chánh Tuấn | M12: HCM 010 | N12: Regional Sales 1 | P12: HCM 022 | Q12: Hồng Trọng Nghĩa | R12: Regional Sales 1
A13: =ROW()-1 -> 12 | B13: WGA | C13: 31/08/2024 | D13: KFM_HCM_BCH - D-2.01A Westgate An Gia | E13: =VLOOKUP(D13,$K$1:$M$237,3,0) -> HCM 011 | F13: =VLOOKUP(D13,$K$2:$L$176,2,0) -> Nguyễn Thị Tuyết Trinh | K13: KFM_HCM_BCH - A7-8 Valora Mizuki | L13: =VLOOKUP(M13,$P$2:$Q$39,2,0) -> Hồng Trọng Nghĩa | M13: HCM 022 | N13: Regional Sales 1 | P13: HCM 023 | Q13: Hứa Thái Hiển | R13: Regional Sales 1
A14: =ROW()-1 -> 13 | B14: MZK | C14: 14/10/2023 | D14: KFM_HCM_BCH - TMDV2 Mizuki Park | E14: =VLOOKUP(D14,$K$1:$M$237,3,0) -> HCM 022 | F14: =VLOOKUP(D14,$K$2:$L$176,2,0) -> Hồng Trọng Nghĩa | K14: KFM_HCM_BCH - Block G Conic Skyway | L14: =VLOOKUP(M14,$P$2:$Q$39,2,0) -> Hồng Trọng Nghĩa | M14: HCM 022 | N14: Regional Sales 1 | P14: HCM 024 | Q14: Phạm Duy | R14: Regional Sales 1
A15: =ROW()-1 -> 14 | B15: A139 | C15: 25/12/2025 | D15: KFM_HCM_BTA - 197 Đường số 1 An Lạc | E15: =VLOOKUP(D15,$K$1:$M$237,3,0) -> HCM 031 | F15: =VLOOKUP(D15,$K$2:$L$176,2,0) -> Nguyễn Thị Ngọc Giàu | K15: KFM_HCM_BCH - D-2.01A Westgate An Gia | L15: =VLOOKUP(M15,$P$2:$Q$39,2,0) -> Nguyễn Thị Tuyết Trinh | M15: HCM 011 | N15: Regional Sales 1 | P15: HCM 028 | Q15: Lâm Văn Tú | R15: Regional Sales 1
A16: =ROW()-1 -> 15 | B16: NTU | C16: 14/10/2022 | D16: KFM_HCM_BTA - 46 Nguyễn Thị Tú | E16: =VLOOKUP(D16,$K$1:$M$237,3,0) -> HCM 012 | F16: =VLOOKUP(D16,$K$2:$L$176,2,0) -> Nguyễn Thị Ngọc Thảo | K16: KFM_HCM_BCH - TMDV2 Mizuki Park | L16: =VLOOKUP(M16,$P$2:$Q$39,2,0) -> Hồng Trọng Nghĩa | M16: HCM 022 | N16: Regional Sales 1 | P16: HCM 029 | Q16: Võ Văn Phi Hùng | R16: Regional Sales 1
A17: =ROW()-1 -> 16 | B17: BTH | C17: 27/09/2024 | D17: KFM_HCM_BTA - 66/70 Bình Thành | E17: =VLOOKUP(D17,$K$1:$M$237,3,0) -> HCM 012 | F17: =VLOOKUP(D17,$K$2:$L$176,2,0) -> Nguyễn Thị Ngọc Thảo | K17: KFM_HCM_BTA - 197 Đường số 1 An Lạc | L17: =VLOOKUP(M17,$P$2:$Q$39,2,0) -> Nguyễn Thị Ngọc Giàu | M17: HCM 031 | N17: Regional Sales 1 | P17: HCM 030 | Q17: Trương Công Nhật Tùng | R17: Regional Sales 1
A18: =ROW()-1 -> 17 | B18: DS7 | C18: 45233 | D18: KFM_HCM_BTA - 99 Đường Số 7 | E18: =VLOOKUP(D18,$K$1:$M$237,3,0) -> HCM 031 | F18: =VLOOKUP(D18,$K$2:$L$176,2,0) -> Nguyễn Thị Ngọc Giàu | K18: KFM_HCM_BTA - 4535 Nguyễn Cửu Phú | L18: =VLOOKUP(M18,$P$2:$Q$39,2,0) -> Nguyễn Thị Ngọc Giàu | M18: HCM 031 | N18: Regional Sales 1 | P18: HCM 031 | Q18: Nguyễn Thị Ngọc Giàu | R18: Regional Sales 1
A19: =ROW()-1 -> 18 | B19: EH3 | C19: 28/12/2024 | D19: KFM_HCM_BTA - A10-0.02 Ehome 3 | E19: =VLOOKUP(D19,$K$1:$M$237,3,0) -> HCM 011 | F19: =VLOOKUP(D19,$K$2:$L$176,2,0) -> Nguyễn Thị Tuyết Trinh | K19: KFM_HCM_BTA - 46 Nguyễn Thị Tú | L19: =VLOOKUP(M19,$P$2:$Q$39,2,0) -> Nguyễn Thị Ngọc Thảo | M19: HCM 012 | N19: Regional Sales 1 | P19: HCM 032 | Q19: Võ Thị Thùy Dương | R19: Regional Sales 1
A20: =ROW()-1 -> 19 | B20: AKR | C20: 27/01/2024 | D20: KFM_HCM_BTA - AK4 Akari City | E20: =VLOOKUP(D20,$K$1:$M$237,3,0) -> HCM 011 | F20: =VLOOKUP(D20,$K$2:$L$176,2,0) -> Nguyễn Thị Tuyết Trinh | K20: KFM_HCM_BTA - 66/70 Bình Thành | L20: =VLOOKUP(M20,$P$2:$Q$39,2,0) -> Nguyễn Thị Ngọc Thảo | M20: HCM 012 | N20: Regional Sales 1 | P20: HCM 005 | Q20: Nguyễn Thị Ngọc Bích | R20: Regional Sales 3
A21: =ROW()-1 -> 20 | B21: PKD | C21: 19/04/2025 | D21: KFM_HCM_BTA - TMDV19 Privia Khang Điền | E21: =VLOOKUP(D21,$K$1:$M$237,3,0) -> HCM 029 | F21: =VLOOKUP(D21,$K$2:$L$176,2,0) -> Võ Văn Phi Hùng | K21: KFM_HCM_BTA - 99 Đường Số 7 | L21: =VLOOKUP(M21,$P$2:$Q$39,2,0) -> Nguyễn Thị Ngọc Giàu | M21: HCM 031 | N21: Regional Sales 1 | P21: HCM 006 | Q21: Nguyễn Đình Vũ | R21: Regional Sales 3
A22: =ROW()-1 -> 21 | B22: BQI | C22: 21/07/2023 | D22: KFM_HCM_BTH - 107 Bình Quới | E22: =VLOOKUP(D22,$K$1:$M$237,3,0) -> HCM 025 | F22: =VLOOKUP(D22,$K$2:$L$176,2,0) -> Đoàn Ngọc Thịnh | K22: KFM_HCM_BTA - A10-0.02 Ehome 3 | L22: =VLOOKUP(M22,$P$2:$Q$39,2,0) -> Nguyễn Thị Tuyết Trinh | M22: HCM 011 | N22: Regional Sales 1 | P22: HCM 007 | Q22: Nguyễn Văn Lâm | R22: Regional Sales 3
A23: =ROW()-1 -> 22 | B23: NTO | C23: 30/05/2024 | D23: KFM_HCM_BTH - 108 Ngô Tất Tố | E23: =VLOOKUP(D23,$K$1:$M$237,3,0) -> HCM 018 | F23: =VLOOKUP(D23,$K$2:$L$176,2,0) -> Võ Minh Đạt | K23: KFM_HCM_BTA - AK4 Akari City | L23: =VLOOKUP(M23,$P$2:$Q$39,2,0) -> Nguyễn Thị Tuyết Trinh | M23: HCM 011 | N23: Regional Sales 1 | P23: HCM 008 | Q23: Lê Ngọc Thảo | R23: Regional Sales 3
A24: =ROW()-1 -> 23 | B24: A113 | C24: 45933 | D24: KFM_HCM_BTH - 216 Phan Văn Hân | E24: =VLOOKUP(D24,$K$1:$M$237,3,0) -> HCM 016 | F24: =VLOOKUP(D24,$K$2:$L$176,2,0) -> Lê Nguyễn Ngọc Phượng | K24: KFM_HCM_BTA - TMDV19 Privia Khang Điền | L24: =VLOOKUP(M24,$P$2:$Q$39,2,0) -> Võ Văn Phi Hùng | M24: HCM 029 | N24: Regional Sales 1 | P24: HCM 009 | Q24: Lê Huỳnh Thiện | R24: Regional Sales 3
A25: =ROW()-1 -> 24 | B25: NVD | C25: 45505 | D25: KFM_HCM_BTH - 42 Nguyễn Văn Đậu | E25: =VLOOKUP(D25,$K$1:$M$237,3,0) -> HCM 025 | F25: =VLOOKUP(D25,$K$2:$L$176,2,0) -> Đoàn Ngọc Thịnh | K25: KFM_HCM_BTH - 107 Bình Quới | L25: =VLOOKUP(M25,$P$2:$Q$39,2,0) -> Đoàn Ngọc Thịnh | M25: HCM 025 | N25: Regional Sales 3 | P25: HCM 016 | Q25: Lê Nguyễn Ngọc Phượng | R25: Regional Sales 3
A26: =ROW()-1 -> 25 | B26: A115 | C26: 45940 | D26: KFM_HCM_BTH - 484B Lê Quang Định | E26: =VLOOKUP(D26,$K$1:$M$237,3,0) -> HCM 025 | F26: =VLOOKUP(D26,$K$2:$L$176,2,0) -> Đoàn Ngọc Thịnh | K26: KFM_HCM_BTH - 108 Ngô Tất Tố | L26: =VLOOKUP(M26,$P$2:$Q$39,2,0) -> Võ Minh Đạt | M26: HCM 018 | N26: Regional Sales 3 | P26: HCM 017 | Q26: Nguyễn Bữu Trùng Dương | R26: Regional Sales 3
A27: =ROW()-1 -> 26 | B27: VHT | C27: 44654 | D27: KFM_HCM_BTH - 54 Vũ Huy Tấn | E27: =VLOOKUP(D27,$K$1:$M$237,3,0) -> HCM 016 | F27: =VLOOKUP(D27,$K$2:$L$176,2,0) -> Lê Nguyễn Ngọc Phượng | K27: KFM_HCM_BTH - 127 Tân Cảng | L27: =VLOOKUP(M27,$P$2:$Q$39,2,0) -> Võ Minh Đạt | M27: HCM 018 | N27: Regional Sales 3 | P27: HCM 018 | Q27: Võ Minh Đạt | R27: Regional Sales 3
A28: =ROW()-1 -> 27 | B28: VTG | C28: 26/08/2022 | D28: KFM_HCM_BTH - 86B Vũ Tùng | E28: =VLOOKUP(D28,$K$1:$M$237,3,0) -> HCM 016 | F28: =VLOOKUP(D28,$K$2:$L$176,2,0) -> Lê Nguyễn Ngọc Phượng | K28: KFM_HCM_BTH - 216 Phan Văn Hân | L28: =VLOOKUP(M28,$P$2:$Q$39,2,0) -> Lê Nguyễn Ngọc Phượng | M28: HCM 016 | N28: Regional Sales 3 | P28: HCM 019 | Q28: Trần Thanh Hiền | R28: Regional Sales 3
A29: =ROW()-1 -> 28 | B29: NHG | C29: 23/07/2022 | D29: KFM_HCM_GVA - 15 Nguyên Hồng | E29: =VLOOKUP(D29,$K$1:$M$237,3,0) -> HCM 025 | F29: =VLOOKUP(D29,$K$2:$L$176,2,0) -> Đoàn Ngọc Thịnh | K29: KFM_HCM_BTH - 42 Nguyễn Văn Đậu | L29: =VLOOKUP(M29,$P$2:$Q$39,2,0) -> Đoàn Ngọc Thịnh | M29: HCM 025 | N29: Regional Sales 3 | P29: HCM 020 | Q29: Phạm Hữu Chương | R29: Regional Sales 3
A30: =ROW()-1 -> 29 | B30: TNT | C30: 19/05/2023 | D30: KFM_HCM_GVA - 195 Thống Nhất | E30: =VLOOKUP(D30,$K$1:$M$237,3,0) -> HCM 008 | F30: =VLOOKUP(D30,$K$2:$L$176,2,0) -> Lê Ngọc Thảo | K30: KFM_HCM_BTH - 484B Lê Quang Định | L30: =VLOOKUP(M30,$P$2:$Q$39,2,0) -> Đoàn Ngọc Thịnh | M30: HCM 025 | N30: Regional Sales 3 | P30: HCM 021 | Q30: Hồ Xuân Thịnh | R30: Regional Sales 3
A31: =ROW()-1 -> 30 | B31: A151 | C31: 23/01/2026 | D31: KFM_HCM_GVA - 20 Lê Đức Thọ | E31: =VLOOKUP(D31,$K$1:$M$237,3,0) -> HCM 008 | F31: =VLOOKUP(D31,$K$2:$L$176,2,0) -> Lê Ngọc Thảo | K31: KFM_HCM_BTH - 54 Vũ Huy Tấn | L31: =VLOOKUP(M31,$P$2:$Q$39,2,0) -> Lê Nguyễn Ngọc Phượng | M31: HCM 016 | N31: Regional Sales 3 | P31: HCM 025 | Q31: Đoàn Ngọc Thịnh | R31: Regional Sales 3
A32: =ROW()-1 -> 31 | B32: NVK | C32: 45568 | D32: KFM_HCM_GVA - 299 Nguyễn Văn Khối | E32: =VLOOKUP(D32,$K$1:$M$237,3,0) -> HCM 036 | F32: =VLOOKUP(D32,$K$2:$L$176,2,0) -> Đặng Đăng Khoa | K32: KFM_HCM_BTH - 61 Bùi Đình Túy | L32: =VLOOKUP(M32,$P$2:$Q$39,2,0) -> Lê Nguyễn Ngọc Phượng | M32: HCM 016 | N32: Regional Sales 3 | P32: HCM 026 | Q32: Trần Tiến Thạnh | R32: Regional Sales 3
A33: =ROW()-1 -> 32 | B33: LVT | C33: 21/07/2022 | D33: KFM_HCM_GVA - 308 Lê Văn Thọ | E33: =VLOOKUP(D33,$K$1:$M$237,3,0) -> HCM 008 | F33: =VLOOKUP(D33,$K$2:$L$176,2,0) -> Lê Ngọc Thảo | K33: KFM_HCM_BTH - 86B Vũ Tùng | L33: =VLOOKUP(M33,$P$2:$Q$39,2,0) -> Lê Nguyễn Ngọc Phượng | M33: HCM 016 | N33: Regional Sales 3 | P33: HCM 027 | Q33: Lê Ngọc Phát | R33: Regional Sales 3
A34: =ROW()-1 -> 33 | B34: NKM | C34: 44688 | D34: KFM_HCM_GVA - 371 Nguyễn Kiệm | E34: =VLOOKUP(D34,$K$1:$M$237,3,0) -> HCM 033 | F34: =VLOOKUP(D34,$K$2:$L$176,2,0) -> Huỳnh Ngọc Phương | K34: KFM_HCM_GVA - 15 Nguyên Hồng | L34: =VLOOKUP(M34,$P$2:$Q$39,2,0) -> Đoàn Ngọc Thịnh | M34: HCM 025 | N34: Regional Sales 3 | P34: HCM 033 | Q34: Huỳnh Ngọc Phương | R34: Regional Sales 3
A35: =ROW()-1 -> 34 | B35: DQH | C35: 23/02/2023 | D35: KFM_HCM_GVA - 372 Dương Quảng Hàm | E35: =VLOOKUP(D35,$K$1:$M$237,3,0) -> HCM 033 | F35: =VLOOKUP(D35,$K$2:$L$176,2,0) -> Huỳnh Ngọc Phương | K35: KFM_HCM_GVA - 195 Thống Nhất | L35: =VLOOKUP(M35,$P$2:$Q$39,2,0) -> Lê Ngọc Thảo | M35: HCM 008 | N35: Regional Sales 3 | P35: HCM 034 | Q35: Lê Thị Bích Liểu | R35: Regional Sales 3
A36: =ROW()-1 -> 35 | B36: PHI | C36: 23/09/2022 | D36: KFM_HCM_GVA - 410 Phan Huy Ích | E36: =VLOOKUP(D36,$K$1:$M$237,3,0) -> HCM 009 | F36: =VLOOKUP(D36,$K$2:$L$176,2,0) -> Lê Huỳnh Thiện | K36: KFM_HCM_GVA - 20 Lê Đức Thọ | L36: =VLOOKUP(M36,$P$2:$Q$39,2,0) -> Lê Ngọc Thảo | M36: HCM 008 | N36: Regional Sales 3 | P36: HCM 035 | Q36: Đào Hồng Hiện | R36: Regional Sales 3
A37: =ROW()-1 -> 36 | B37: PVB | C37: 45786 | D37: KFM_HCM_GVA - 446 Phạm Văn Bạch | E37: =VLOOKUP(D37,$K$1:$M$237,3,0) -> HCM 009 | F37: =VLOOKUP(D37,$K$2:$L$176,2,0) -> Lê Huỳnh Thiện | K37: KFM_HCM_GVA - 299 Nguyễn Văn Khối | L37: =VLOOKUP(M37,$P$2:$Q$39,2,0) -> Đặng Đăng Khoa | M37: HCM 036 | N37: Regional Sales 3 | P37: HCM 036 | Q37: Đặng Đăng Khoa | R37: Regional Sales 3
A38: =ROW()-1 -> 37 | B38: A128 | C38: 45820 | D38: KFM_HCM_GVA - TM0.03 CH3 Cityland Park Hill | E38: =VLOOKUP(D38,$K$1:$M$237,3,0) -> HCM 008 | F38: =VLOOKUP(D38,$K$2:$L$176,2,0) -> Lê Ngọc Thảo | K38: KFM_HCM_GVA - 308 Lê Văn Thọ | L38: =VLOOKUP(M38,$P$2:$Q$39,2,0) -> Lê Ngọc Thảo | M38: HCM 008 | N38: Regional Sales 3
A39: =ROW()-1 -> 38 | B39: LVL | C39: 18/11/2022 | D39: KFM_HCM_NBE - 166E Lê Văn Lương | E39: =VLOOKUP(D39,$K$1:$M$237,3,0) -> HCM 004 | F39: =VLOOKUP(D39,$K$2:$L$176,2,0) -> Trần Kim Phụng | K39: KFM_HCM_GVA - 371 Nguyễn Kiệm | L39: =VLOOKUP(M39,$P$2:$Q$39,2,0) -> Huỳnh Ngọc Phương | M39: HCM 033 | N39: Regional Sales 3
A40: =ROW()-1 -> 39 | B40: A103 | C40: 45842 | D40: KFM_HCM_NBE - 222 Lê Văn Lương | E40: =VLOOKUP(D40,$K$1:$M$237,3,0) -> HCM 004 | F40: =VLOOKUP(D40,$K$2:$L$176,2,0) -> Trần Kim Phụng | K40: KFM_HCM_GVA - 372 Dương Quảng Hàm | L40: =VLOOKUP(M40,$P$2:$Q$39,2,0) -> Huỳnh Ngọc Phương | M40: HCM 033 | N40: Regional Sales 3
A41: =ROW()-1 -> 40 | B41: A104 | C41: 27/06/2025 | D41: KFM_HCM_NBE - 5/3D Huỳnh Tấn Phát | E41: =VLOOKUP(D41,$K$1:$M$237,3,0) -> HCM 023 | F41: =VLOOKUP(D41,$K$2:$L$176,2,0) -> Hứa Thái Hiển | K41: KFM_HCM_GVA - 410 Phan Huy Ích | L41: =VLOOKUP(M41,$P$2:$Q$39,2,0) -> Lê Huỳnh Thiện | M41: HCM 009 | N41: Regional Sales 3
A42: =ROW()-1 -> 41 | B42: SSR | C42: 45605 | D42: KFM_HCM_NBE - SH14-15 Saigon South Residences | E42: =VLOOKUP(D42,$K$1:$M$237,3,0) -> HCM 004 | F42: =VLOOKUP(D42,$K$2:$L$176,2,0) -> Trần Kim Phụng | K42: KFM_HCM_GVA - 446 Phạm Văn Bạch | L42: =VLOOKUP(M42,$P$2:$Q$39,2,0) -> Lê Huỳnh Thiện | M42: HCM 009 | N42: Regional Sales 3
A43: =ROW()-1 -> 42 | B43: NTN | C43: 45905 | D43: KFM_HCM_PNH - 154 Nguyễn Trọng Tuyển | E43: =VLOOKUP(D43,$K$1:$M$237,3,0) -> HCM 015 | F43: =VLOOKUP(D43,$K$2:$L$176,2,0) -> Trần Hữu Vinh | K43: KFM_HCM_GVA - TM0.03 CH3 Cityland Park Hill | L43: =VLOOKUP(M43,$P$2:$Q$39,2,0) -> Lê Ngọc Thảo | M43: HCM 008 | N43: Regional Sales 3
A44: =ROW()-1 -> 43 | B44: A106 | C44: 45877 | D44: KFM_HCM_PNH - T1-5 TMDV Orchard Garden | E44: =VLOOKUP(D44,$K$1:$M$237,3,0) -> HCM 033 | F44: =VLOOKUP(D44,$K$2:$L$176,2,0) -> Huỳnh Ngọc Phương | K44: KFM_HCM_NBE - 166E Lê Văn Lương | L44: =VLOOKUP(M44,$P$2:$Q$39,2,0) -> Trần Kim Phụng | M44: HCM 004 | N44: Regional Sales 1
A45: =ROW()-1 -> 44 | B45: KDG | C45: 22/03/2025 | D45: KFM_HCM_Q03 - 10D Kỳ Đồng | E45: =VLOOKUP(D45,$K$1:$M$237,3,0) -> HCM 016 | F45: =VLOOKUP(D45,$K$2:$L$176,2,0) -> Lê Nguyễn Ngọc Phượng | K45: KFM_HCM_NBE - 222 Lê Văn Lương | L45: =VLOOKUP(M45,$P$2:$Q$39,2,0) -> Trần Kim Phụng | M45: HCM 004 | N45: Regional Sales 1
A46: =ROW()-1 -> 45 | B46: HTC | C46: 23/08/2024 | D46: KFM_HCM_Q03 - 14 Huỳnh Tịnh Của | E46: =VLOOKUP(D46,$K$1:$M$237,3,0) -> HCM 016 | F46: =VLOOKUP(D46,$K$2:$L$176,2,0) -> Lê Nguyễn Ngọc Phượng | K46: KFM_HCM_NBE - 5/3D Huỳnh Tấn Phát | L46: =VLOOKUP(M46,$P$2:$Q$39,2,0) -> Hứa Thái Hiển | M46: HCM 023 | N46: Regional Sales 1
A47: =ROW()-1 -> 46 | B47: A126 | C47: 29/11/2025 | D47: KFM_HCM_Q03 - 274 Lê Văn Sỹ | E47: =VLOOKUP(D47,$K$1:$M$237,3,0) -> HCM 032 | F47: =VLOOKUP(D47,$K$2:$L$176,2,0) -> Võ Thị Thùy Dương | K47: KFM_HCM_NBE - A.1.05 Sunrise Riverside | L47: =VLOOKUP(M47,$P$2:$Q$39,2,0) -> Trần Kim Phụng | M47: HCM 004 | N47: Regional Sales 1
A48: =ROW()-1 -> 47 | B48: KHI | C48: 29/07/2022 | D48: KFM_HCM_Q04 - 98 Khánh Hội | E48: =VLOOKUP(D48,$K$1:$M$237,3,0) -> HCM 030 | F48: =VLOOKUP(D48,$K$2:$L$176,2,0) -> Trương Công Nhật Tùng | K48: KFM_HCM_NBE - A2.SH28-30 The Park Residence | L48: =VLOOKUP(M48,$P$2:$Q$39,2,0) -> Trần Kim Phụng | M48: HCM 004 | N48: Regional Sales 1
A49: =ROW()-1 -> 48 | B49: A121 | C49: 14/11/2025 | D49: KFM_HCM_Q06 - 123 Lý Chiêu Hoàng | E49: =VLOOKUP(D49,$K$1:$M$237,3,0) -> HCM 029 | F49: =VLOOKUP(D49,$K$2:$L$176,2,0) -> Võ Văn Phi Hùng | K49: KFM_HCM_NBE - G16 Celesta Rise | L49: =VLOOKUP(M49,$P$2:$Q$39,2,0) -> Trần Kim Phụng | M49: HCM 004 | N49: Regional Sales 1
A50: =ROW()-1 -> 49 | B50: CLN | C50: 19/07/2024 | D50: KFM_HCM_Q06 - 126 Chợ Lớn | E50: =VLOOKUP(D50,$K$1:$M$237,3,0) -> HCM 029 | F50: =VLOOKUP(D50,$K$2:$L$176,2,0) -> Võ Văn Phi Hùng | K50: KFM_HCM_NBE - SH14-15 Saigon South Residences | L50: =VLOOKUP(M50,$P$2:$Q$39,2,0) -> Trần Kim Phụng | M50: HCM 004 | N50: Regional Sales 1
A51: =ROW()-1 -> 50 | B51: THD | C51: 45177 | D51: KFM_HCM_Q06 - 229A Tân Hòa Đông | E51: =VLOOKUP(D51,$K$1:$M$237,3,0) -> HCM 031 | F51: =VLOOKUP(D51,$K$2:$L$176,2,0) -> Nguyễn Thị Ngọc Giàu | K51: KFM_HCM_PNH - 154 Nguyễn Trọng Tuyển | L51: =VLOOKUP(M51,$P$2:$Q$39,2,0) -> Trần Hữu Vinh | M51: HCM 015 | N51: Regional Sales 1
A52: =ROW()-1 -> 51 | B52: ERT | C52: 24/02/2023 | D52: KFM_HCM_Q07 - 0105 B4 Era Town | E52: =VLOOKUP(D52,$K$1:$M$237,3,0) -> HCM 023 | F52: =VLOOKUP(D52,$K$2:$L$176,2,0) -> Hứa Thái Hiển | K52: KFM_HCM_PNH - T1-5 TMDV Orchard Garden | L52: =VLOOKUP(M52,$P$2:$Q$39,2,0) -> Huỳnh Ngọc Phương | M52: HCM 033 | N52: Regional Sales 3
A53: =ROW()-1 -> 52 | B53: LVN | C53: 44938 | D53: KFM_HCM_Q07 - 09 Lâm Văn Bền | E53: =VLOOKUP(D53,$K$1:$M$237,3,0) -> HCM 003 | F53: =VLOOKUP(D53,$K$2:$L$176,2,0) -> Nguyễn Thuỷ Tiên | K53: KFM_HCM_Q01 - 35 Nguyễn Hữu Cầu | L53: =VLOOKUP(M53,$P$2:$Q$39,2,0) -> Võ Thị Thùy Dương | M53: HCM 032 | N53: Regional Sales 1
A54: =ROW()-1 -> 53 | B54: A109 | C54: 15/08/2025 | D54: KFM_HCM_Q07 - 106 Trần Trọng Cung | E54: =VLOOKUP(D54,$K$1:$M$237,3,0) -> HCM 002 | F54: =VLOOKUP(D54,$K$2:$L$176,2,0) -> Huỳnh Thị Tuyết Nhi | K54: KFM_HCM_Q03 - 10D Kỳ Đồng | L54: =VLOOKUP(M54,$P$2:$Q$39,2,0) -> Lê Nguyễn Ngọc Phượng | M54: HCM 016 | N54: Regional Sales 3
A55: =ROW()-1 -> 54 | B55: A129 | C55: 46266 | D55: KFM_HCM_Q07 - 17 Đường số 16, Khu Nam Viên Midtown | E55: =VLOOKUP(D55,$K$1:$M$237,3,0) -> HCM 024 | F55: =VLOOKUP(D55,$K$2:$L$176,2,0) -> Phạm Duy | K55: KFM_HCM_Q03 - 116 Bàn Cờ | L55: =VLOOKUP(M55,$P$2:$Q$39,2,0) -> Võ Thị Thùy Dương | M55: HCM 032 | N55: Regional Sales 1
A56: =ROW()-1 -> 55 | B56: PHL | C56: 27/10/2022 | D56: KFM_HCM_Q07 - 233 Phạm Hữu Lầu | E56: =VLOOKUP(D56,$K$1:$M$237,3,0) -> HCM 023 | F56: =VLOOKUP(D56,$K$2:$L$176,2,0) -> Hứa Thái Hiển | K56: KFM_HCM_Q03 - 125 Nguyễn Phúc Nguyên | L56: =VLOOKUP(M56,$P$2:$Q$39,2,0) -> Võ Thị Thùy Dương | M56: HCM 032 | N56: Regional Sales 1
A57: =ROW()-1 -> 56 | B57: TMY | C57: 43435 | D57: KFM_HCM_Q07 - 31 Tân Mỹ | E57: =VLOOKUP(D57,$K$1:$M$237,3,0) -> HCM 001 | F57: =VLOOKUP(D57,$K$2:$L$176,2,0) -> Nguyễn Minh Thắng | K57: KFM_HCM_Q03 - 14 Huỳnh Tịnh Của | L57: =VLOOKUP(M57,$P$2:$Q$39,2,0) -> Lê Nguyễn Ngọc Phượng | M57: HCM 016 | N57: Regional Sales 3
A58: =ROW()-1 -> 57 | B58: LPM | C58: 20/12/2024 | D58: KFM_HCM_Q07 - 39 Lý Phục Man | E58: =VLOOKUP(D58,$K$1:$M$237,3,0) -> HCM 002 | F58: =VLOOKUP(D58,$K$2:$L$176,2,0) -> Huỳnh Thị Tuyết Nhi | K58: KFM_HCM_Q03 - 274 Lê Văn Sỹ | L58: =VLOOKUP(M58,$P$2:$Q$39,2,0) -> Võ Thị Thùy Dương | M58: HCM 032 | N58: Regional Sales 1
A59: =ROW()-1 -> 58 | B59: BVB | C59: 13/05/2022 | D59: KFM_HCM_Q07 - 43 Bùi Văn Ba | E59: =VLOOKUP(D59,$K$1:$M$237,3,0) -> HCM 002 | F59: =VLOOKUP(D59,$K$2:$L$176,2,0) -> Huỳnh Thị Tuyết Nhi | K59: KFM_HCM_Q04 - 98 Khánh Hội | L59: =VLOOKUP(M59,$P$2:$Q$39,2,0) -> Trương Công Nhật Tùng | M59: HCM 030 | N59: Regional Sales 1
A60: =ROW()-1 -> 59 | B60: NTT | C60: 22/01/2022 | D60: KFM_HCM_Q07 - 436 Nguyễn Thị Thập | E60: =VLOOKUP(D60,$K$1:$M$237,3,0) -> HCM 003 | F60: =VLOOKUP(D60,$K$2:$L$176,2,0) -> Nguyễn Thuỷ Tiên | K60: KFM_HCM_Q06 - 123 Lý Chiêu Hoàng | L60: =VLOOKUP(M60,$P$2:$Q$39,2,0) -> Võ Văn Phi Hùng | M60: HCM 029 | N60: Regional Sales 1
A61: =ROW()-1 -> 60 | B61: HTP | C61: 23/01/2021 | D61: KFM_HCM_Q07 - 571 Huỳnh Tấn Phát | E61: =VLOOKUP(D61,$K$1:$M$237,3,0) -> HCM 002 | F61: =VLOOKUP(D61,$K$2:$L$176,2,0) -> Huỳnh Thị Tuyết Nhi | K61: KFM_HCM_Q06 - 126 Chợ Lớn | L61: =VLOOKUP(M61,$P$2:$Q$39,2,0) -> Võ Văn Phi Hùng | M61: HCM 029 | N61: Regional Sales 1
A62: =ROW()-1 -> 61 | B62: LTC | C62: 45387 | D62: KFM_HCM_Q07 - 97 Lê Thị Chợ | E62: =VLOOKUP(D62,$K$1:$M$237,3,0) -> HCM 023 | F62: =VLOOKUP(D62,$K$2:$L$176,2,0) -> Hứa Thái Hiển | K62: KFM_HCM_Q06 - 145 Đường Số 23 Bình Phú | L62: =VLOOKUP(M62,$P$2:$Q$39,2,0) -> Võ Văn Phi Hùng | M62: HCM 029 | N62: Regional Sales 1
A63: =ROW()-1 -> 62 | B63: SCV | C63: 21/12/2024 | D63: KFM_HCM_Q07 - B0.02 Scenic Valley 2 | E63: =VLOOKUP(D63,$K$1:$M$237,3,0) -> HCM 001 | F63: =VLOOKUP(D63,$K$2:$L$176,2,0) -> Nguyễn Minh Thắng | K63: KFM_HCM_Q06 - 229A Tân Hòa Đông | L63: =VLOOKUP(M63,$P$2:$Q$39,2,0) -> Nguyễn Thị Ngọc Giàu | M63: HCM 031 | N63: Regional Sales 1
A64: =ROW()-1 -> 63 | B64: HLR | C64: 21/09/2024 | D64: KFM_HCM_Q07 - Block A Himlam Riverside Q7 | E64: =VLOOKUP(D64,$K$1:$M$237,3,0) -> HCM 030 | F64: =VLOOKUP(D64,$K$2:$L$176,2,0) -> Trương Công Nhật Tùng | K64: KFM_HCM_Q06 - B1.00.01 Him Lam Chợ Lớn | L64: =VLOOKUP(M64,$P$2:$Q$39,2,0) -> Võ Văn Phi Hùng | M64: HCM 029 | N64: Regional Sales 1
A65: =ROW()-1 -> 64 | B65: RVS | C65: 26/10/2024 | D65: KFM_HCM_Q07 - C0.01 Riverside Phú Mỹ Hưng | E65: =VLOOKUP(D65,$K$1:$M$237,3,0) -> HCM 024 | F65: =VLOOKUP(D65,$K$2:$L$176,2,0) -> Phạm Duy | K65: KFM_HCM_Q07 - 0105 B4 Era Town | L65: =VLOOKUP(M65,$P$2:$Q$39,2,0) -> Hứa Thái Hiển | M65: HCM 023 | N65: Regional Sales 1
A66: =ROW()-1 -> 65 | B66: PTN | C66: 45386 | D66: KFM_HCM_Q07 - E72 Phú Thuận | E66: =VLOOKUP(D66,$K$1:$M$237,3,0) -> HCM 024 | F66: =VLOOKUP(D66,$K$2:$L$176,2,0) -> Phạm Duy | K66: KFM_HCM_Q07 - 09 Lâm Văn Bền | L66: =VLOOKUP(M66,$P$2:$Q$39,2,0) -> Nguyễn Thuỷ Tiên | M66: HCM 003 | N66: Regional Sales 1
A67: =ROW()-1 -> 66 | B67: Q7R | C67: 14/12/2024 | D67: KFM_HCM_Q07 - Lô CD L1-12 Q7 Riverside Đào Trí | E67: =VLOOKUP(D67,$K$1:$M$237,3,0) -> HCM 024 | F67: =VLOOKUP(D67,$K$2:$L$176,2,0) -> Phạm Duy | K67: KFM_HCM_Q07 - 1016/21 Chung Cư Sky Garden 2-R1-2 | L67: =VLOOKUP(M67,$P$2:$Q$39,2,0) -> Nguyễn Minh Thắng | M67: HCM 001 | N67: Regional Sales 1
A68: =ROW()-1 -> 67 | B68: HV2 | C68: 20/07/2024 | D68: KFM_HCM_Q07 - R13 Hưng Vượng 2 | E68: =VLOOKUP(D68,$K$1:$M$237,3,0) -> HCM 001 | F68: =VLOOKUP(D68,$K$2:$L$176,2,0) -> Nguyễn Minh Thắng | K68: KFM_HCM_Q07 - 106 Trần Trọng Cung | L68: =VLOOKUP(M68,$P$2:$Q$39,2,0) -> Huỳnh Thị Tuyết Nhi | M68: HCM 002 | N68: Regional Sales 1
A69: =ROW()-1 -> 68 | B69: ECG | C69: 45178 | D69: KFM_HCM_Q07 - SH16 Eco Green | E69: =VLOOKUP(D69,$K$1:$M$237,3,0) -> HCM 002 | F69: =VLOOKUP(D69,$K$2:$L$176,2,0) -> Huỳnh Thị Tuyết Nhi | K69: KFM_HCM_Q07 - 17 Đường số 16, Khu Nam Viên Midtown | L69: =VLOOKUP(M69,$P$2:$Q$39,2,0) -> Phạm Duy | M69: HCM 024 | N69: Regional Sales 1
A70: =ROW()-1 -> 69 | B70: A141 | C70: 27/12/2025 | D70: KFM_HCM_Q07 - X1.013 Sunrise City North | E70: =VLOOKUP(D70,$K$1:$M$237,3,0) -> HCM 030 | F70: =VLOOKUP(D70,$K$2:$L$176,2,0) -> Trương Công Nhật Tùng | K70: KFM_HCM_Q07 - 233 Phạm Hữu Lầu | L70: =VLOOKUP(M70,$P$2:$Q$39,2,0) -> Hứa Thái Hiển | M70: HCM 023 | N70: Regional Sales 1
A71: =ROW()-1 -> 70 | B71: PGS | C71: 45269 | D71: KFM_HCM_Q08 - 01.18 Pegasuite | E71: =VLOOKUP(D71,$K$1:$M$237,3,0) -> HCM 010 | F71: =VLOOKUP(D71,$K$2:$L$176,2,0) -> Cao Chánh Tuấn | K71: KFM_HCM_Q07 - 31 Tân Mỹ | L71: =VLOOKUP(M71,$P$2:$Q$39,2,0) -> Nguyễn Minh Thắng | M71: HCM 001 | N71: Regional Sales 1
A72: =ROW()-1 -> 71 | B72: HNN | C72: 21/03/2025 | D72: KFM_HCM_Q08 - 296 Hoàng Ngân | E72: =VLOOKUP(D72,$K$1:$M$237,3,0) -> HCM 011 | F72: =VLOOKUP(D72,$K$2:$L$176,2,0) -> Nguyễn Thị Tuyết Trinh | K72: KFM_HCM_Q07 - 39 Lý Phục Man | L72: =VLOOKUP(M72,$P$2:$Q$39,2,0) -> Huỳnh Thị Tuyết Nhi | M72: HCM 002 | N72: Regional Sales 1
A73: =ROW()-1 -> 72 | B73: A114 | C73: 45933 | D73: KFM_HCM_Q08 - 320 Hưng Phú | E73: =VLOOKUP(D73,$K$1:$M$237,3,0) -> HCM 010 | F73: =VLOOKUP(D73,$K$2:$L$176,2,0) -> Cao Chánh Tuấn | K73: KFM_HCM_Q07 - 43 Bùi Văn Ba | L73: =VLOOKUP(M73,$P$2:$Q$39,2,0) -> Huỳnh Thị Tuyết Nhi | M73: HCM 002 | N73: Regional Sales 1
A74: =ROW()-1 -> 73 | B74: DMR | C74: 29/03/2025 | D74: KFM_HCM_Q08 - Block C Diamond Riverside | E74: =VLOOKUP(D74,$K$1:$M$237,3,0) -> HCM 011 | F74: =VLOOKUP(D74,$K$2:$L$176,2,0) -> Nguyễn Thị Tuyết Trinh | K74: KFM_HCM_Q07 - 436 Nguyễn Thị Thập | L74: =VLOOKUP(M74,$P$2:$Q$39,2,0) -> Nguyễn Thuỷ Tiên | M74: HCM 003 | N74: Regional Sales 1
A75: =ROW()-1 -> 74 | B75: NVT | C75: 44779 | D75: KFM_HCM_Q09 - 367 Nguyễn Văn Tăng | E75: =VLOOKUP(D75,$K$1:$M$237,3,0) -> HCM 005 | F75: =VLOOKUP(D75,$K$2:$L$176,2,0) -> Nguyễn Thị Ngọc Bích | K75: KFM_HCM_Q07 - 571 Huỳnh Tấn Phát | L75: =VLOOKUP(M75,$P$2:$Q$39,2,0) -> Huỳnh Thị Tuyết Nhi | M75: HCM 002 | N75: Regional Sales 1
A76: =ROW()-1 -> 75 | B76: A112 | C76: 45726 | D76: KFM_HCM_Q1 - 93 Cô Giang | E76: =VLOOKUP(D76,$K$1:$M$237,3,0) -> HCM 030 | F76: =VLOOKUP(D76,$K$2:$L$176,2,0) -> Trương Công Nhật Tùng | K76: KFM_HCM_Q07 - 956 Huỳnh Tấn Phát | L76: =VLOOKUP(M76,$P$2:$Q$39,2,0) -> Hứa Thái Hiển | M76: HCM 023 | N76: Regional Sales 1
A77: =ROW()-1 -> 76 | B77: HHG | C77: 45665 | D77: KFM_HCM_Q10 - 103 Hòa Hưng | E77: =VLOOKUP(D77,$K$1:$M$237,3,0) -> HCM 032 | F77: =VLOOKUP(D77,$K$2:$L$176,2,0) -> Võ Thị Thùy Dương | K77: KFM_HCM_Q07 - 97 Lê Thị Chợ | L77: =VLOOKUP(M77,$P$2:$Q$39,2,0) -> Hứa Thái Hiển | M77: HCM 023 | N77: Regional Sales 1
A78: =ROW()-1 -> 77 | B78: A120 | C78: 19/12/2025 | D78: KFM_HCM_Q10 - 7/29 Thành Thái | E78: =VLOOKUP(D78,$K$1:$M$237,3,0) -> HCM 013 | F78: =VLOOKUP(D78,$K$2:$L$176,2,0) -> Trần Huỳnh Thơ | K78: KFM_HCM_Q07 - A01-06 Hoàng Anh Thanh Bình | L78: =VLOOKUP(M78,$P$2:$Q$39,2,0) -> Nguyễn Thuỷ Tiên | M78: HCM 003 | N78: Regional Sales 1
A79: =ROW()-1 -> 78 | B79: A118 | C79: 45968 | D79: KFM_HCM_Q10 - 74 Vĩnh Viễn | E79: =VLOOKUP(D79,$K$1:$M$237,3,0) -> HCM 013 | F79: =VLOOKUP(D79,$K$2:$L$176,2,0) -> Trần Huỳnh Thơ | K79: KFM_HCM_Q07 - A14 The Infinity Riviera Point | L79: =VLOOKUP(M79,$P$2:$Q$39,2,0) -> Phạm Duy | M79: HCM 024 | N79: Regional Sales 1
A80: =ROW()-1 -> 79 | B80: TSO | C80: 20/12/2019 | D80: KFM_HCM_Q10 - BB17 Trường Sơn | E80: =VLOOKUP(D80,$K$1:$M$237,3,0) -> HCM 013 | F80: =VLOOKUP(D80,$K$2:$L$176,2,0) -> Trần Huỳnh Thơ | K80: KFM_HCM_Q07 - B0.02 Scenic Valley 2 | L80: =VLOOKUP(M80,$P$2:$Q$39,2,0) -> Nguyễn Minh Thắng | M80: HCM 001 | N80: Regional Sales 1
A81: =ROW()-1 -> 80 | B81: A110 | C81: 45912 | D81: KFM_HCM_Q10 - Jasmine 1 Hà Đô Centrosa | E81: =VLOOKUP(D81,$K$1:$M$237,3,0) -> HCM 032 | F81: =VLOOKUP(D81,$K$2:$L$176,2,0) -> Võ Thị Thùy Dương | K81: KFM_HCM_Q07 - B1.01 Chung cư Golden Star | L81: =VLOOKUP(M81,$P$2:$Q$39,2,0) -> Nguyễn Thuỷ Tiên | M81: HCM 003 | N81: Regional Sales 1
A82: =ROW()-1 -> 81 | B82: NVQ | C82: 45078 | D82: KFM_HCM_Q12 - 678 Nguyễn Văn Quá | E82: =VLOOKUP(D82,$K$1:$M$237,3,0) -> HCM 036 | F82: =VLOOKUP(D82,$K$2:$L$176,2,0) -> Đặng Đăng Khoa | K82: KFM_HCM_Q07 - Block A Himlam Riverside Q7 | L82: =VLOOKUP(M82,$P$2:$Q$39,2,0) -> Trương Công Nhật Tùng | M82: HCM 030 | N82: Regional Sales 1
A83: =ROW()-1 -> 82 | B83: A116 | C83: #N/A | D83: KFM_HCM_Q12 - 76 Trần Thị Cờ | E83: =VLOOKUP(D83,$K$1:$M$237,3,0) -> HCM 036 | F83: =VLOOKUP(D83,$K$2:$L$176,2,0) -> Đặng Đăng Khoa | K83: KFM_HCM_Q07 - Block K Happy Valley | L83: =VLOOKUP(M83,$P$2:$Q$39,2,0) -> Nguyễn Minh Thắng | M83: HCM 001 | N83: Regional Sales 1
A84: =ROW()-1 -> 83 | B84: PPZ | C84: 30/11/2024 | D84: KFM_HCM_Q12 - AS19 Block A Prosper Plaza | E84: =VLOOKUP(D84,$K$1:$M$237,3,0) -> HCM 009 | F84: =VLOOKUP(D84,$K$2:$L$176,2,0) -> Lê Huỳnh Thiện | K84: KFM_HCM_Q07 - C0.01 Riverside Phú Mỹ Hưng | L84: =VLOOKUP(M84,$P$2:$Q$39,2,0) -> Phạm Duy | M84: HCM 024 | N84: Regional Sales 1
A85: =ROW()-1 -> 84 | B85: HNG | C85: 21/12/2024 | D85: KFM_HCM_Q12 - Block B1 Hưng Ngân Garden | E85: =VLOOKUP(D85,$K$1:$M$237,3,0) -> HCM 036 | F85: =VLOOKUP(D85,$K$2:$L$176,2,0) -> Đặng Đăng Khoa | K85: KFM_HCM_Q07 - E72 Phú Thuận | L85: =VLOOKUP(M85,$P$2:$Q$39,2,0) -> Phạm Duy | M85: HCM 024 | N85: Regional Sales 1
A86: =ROW()-1 -> 85 | B86: D10 | C86: 16/08/2024 | D86: KFM_HCM_Q7 - 01 Đường Số 10 Tân Kiểng | E86: =VLOOKUP(D86,$K$1:$M$237,3,0) -> HCM 003 | F86: =VLOOKUP(D86,$K$2:$L$176,2,0) -> Nguyễn Thuỷ Tiên | K86: KFM_HCM_Q07 - Lô CD L1-12 Q7 Riverside Đào Trí | L86: =VLOOKUP(M86,$P$2:$Q$39,2,0) -> Phạm Duy | M86: HCM 024 | N86: Regional Sales 1
A87: =ROW()-1 -> 86 | B87: A146 | C87: 46266 | D87: KFM_HCM_TBI - 108 Bùi Thị Xuân | E87: =VLOOKUP(D87,$K$1:$M$237,3,0) -> HCM 015 | F87: =VLOOKUP(D87,$K$2:$L$176,2,0) -> Trần Hữu Vinh | K87: KFM_HCM_Q07 - R13 Hưng Vượng 2 | L87: =VLOOKUP(M87,$P$2:$Q$39,2,0) -> Nguyễn Minh Thắng | M87: HCM 001 | N87: Regional Sales 1
A88: =ROW()-1 -> 87 | B88: HHM | C88: 25/07/2024 | D88: KFM_HCM_TBI - 165 Hoàng Hoa Thám | E88: =VLOOKUP(D88,$K$1:$M$237,3,0) -> HCM 015 | F88: =VLOOKUP(D88,$K$2:$L$176,2,0) -> Trần Hữu Vinh | K88: KFM_HCM_Q07 - SH16 Eco Green | L88: =VLOOKUP(M88,$P$2:$Q$39,2,0) -> Huỳnh Thị Tuyết Nhi | M88: HCM 002 | N88: Regional Sales 1
A89: =ROW()-1 -> 88 | B89: HHT | C89: 44114 | D89: KFM_HCM_TBI - 22 Hoàng Hoa Thám | E89: =VLOOKUP(D89,$K$1:$M$237,3,0) -> HCM 015 | F89: =VLOOKUP(D89,$K$2:$L$176,2,0) -> Trần Hữu Vinh | K89: KFM_HCM_Q07 - X1.013 Sunrise City North | L89: =VLOOKUP(M89,$P$2:$Q$39,2,0) -> Trương Công Nhật Tùng | M89: HCM 030 | N89: Regional Sales 1
A90: =ROW()-1 -> 89 | B90: LVY | C90: 28/03/2025 | D90: KFM_HCM_TBI - 236A Lê Văn Sỹ | E90: =VLOOKUP(D90,$K$1:$M$237,3,0) -> HCM 015 | F90: =VLOOKUP(D90,$K$2:$L$176,2,0) -> Trần Hữu Vinh | K90: KFM_HCM_Q08 - 01.18 Pegasuite | L90: =VLOOKUP(M90,$P$2:$Q$39,2,0) -> Cao Chánh Tuấn | M90: HCM 010 | N90: Regional Sales 1
A91: =ROW()-1 -> 90 | B91: A138 | C91: 19/12/2025 | D91: KFM_HCM_TBI - 48 Trần Văn Quang | E91: =VLOOKUP(D91,$K$1:$M$237,3,0) -> HCM 013 | F91: =VLOOKUP(D91,$K$2:$L$176,2,0) -> Trần Huỳnh Thơ | K91: KFM_HCM_Q08 - 296 Hoàng Ngân | L91: =VLOOKUP(M91,$P$2:$Q$39,2,0) -> Nguyễn Thị Tuyết Trinh | M91: HCM 011 | N91: Regional Sales 1
A92: =ROW()-1 -> 91 | B92: CLG | C92: 20/12/2024 | D92: KFM_HCM_TBI - 64A Cửu Long | E92: =VLOOKUP(D92,$K$1:$M$237,3,0) -> HCM 033 | F92: =VLOOKUP(D92,$K$2:$L$176,2,0) -> Huỳnh Ngọc Phương | K92: KFM_HCM_Q08 - 320 Hưng Phú | L92: =VLOOKUP(M92,$P$2:$Q$39,2,0) -> Cao Chánh Tuấn | M92: HCM 010 | N92: Regional Sales 1
A93: =ROW()-1 -> 92 | B93: HMN | C93: 25/11/2023 | D93: KFM_HCM_TBI - Block C Harmona | E93: =VLOOKUP(D93,$K$1:$M$237,3,0) -> HCM 028 | F93: =VLOOKUP(D93,$K$2:$L$176,2,0) -> Lâm Văn Tú | K93: KFM_HCM_Q08 - B01.05 Dream Home Palace | L93: =VLOOKUP(M93,$P$2:$Q$39,2,0) -> Hồng Trọng Nghĩa | M93: HCM 022 | N93: Regional Sales 1
A94: =ROW()-1 -> 93 | B94: ACU | C94: 45577 | D94: KFM_HCM_TDU - 0.01 Chung cư An Cư An Phú | E94: =VLOOKUP(D94,$K$1:$M$237,3,0) -> HCM 018 | F94: =VLOOKUP(D94,$K$2:$L$176,2,0) -> Võ Minh Đạt | K94: KFM_HCM_Q08 - Block C Diamond Riverside | L94: =VLOOKUP(M94,$P$2:$Q$39,2,0) -> Nguyễn Thị Tuyết Trinh | M94: HCM 011 | N94: Regional Sales 1
A95: =ROW()-1 -> 94 | B95: A105 | C95: 13/06/2025 | D95: KFM_HCM_TDU - 02 Lê Lợi | E95: =VLOOKUP(D95,$K$1:$M$237,3,0) -> HCM 021 | F95: =VLOOKUP(D95,$K$2:$L$176,2,0) -> Hồ Xuân Thịnh | K95: KFM_HCM_Q09 - 367 Nguyễn Văn Tăng | L95: =VLOOKUP(M95,$P$2:$Q$39,2,0) -> Nguyễn Thị Ngọc Bích | M95: HCM 005 | N95: Regional Sales 3
A96: =ROW()-1 -> 95 | B96: VPC | C96: 23/11/2024 | D96: KFM_HCM_TDU - 02 Nguyễn Thị Nhung | E96: =VLOOKUP(D96,$K$1:$M$237,3,0) -> HCM 026 | F96: =VLOOKUP(D96,$K$2:$L$176,2,0) -> Trần Tiến Thạnh | K96: KFM_HCM_Q1 - 93 Cô Giang | L96: =VLOOKUP(M96,$P$2:$Q$39,2,0) -> Trương Công Nhật Tùng | M96: HCM 030 | N96: Regional Sales 1
A97: =ROW()-1 -> 96 | B97: THN | C97: 45780 | D97: KFM_HCM_TDU - 02 Tạ Hiện | E97: =VLOOKUP(D97,$K$1:$M$237,3,0) -> HCM 020 | F97: =VLOOKUP(D97,$K$2:$L$176,2,0) -> Phạm Hữu Chương | K97: KFM_HCM_Q10 - 103 Hòa Hưng | L97: =VLOOKUP(M97,$P$2:$Q$39,2,0) -> Võ Thị Thùy Dương | M97: HCM 032 | N97: Regional Sales 1
A98: =ROW()-1 -> 97 | B98: A107 | C98: 45870 | D98: KFM_HCM_TDU - 05 Đường D3 Phước Long | E98: =VLOOKUP(D98,$K$1:$M$237,3,0) -> HCM 006 | F98: =VLOOKUP(D98,$K$2:$L$176,2,0) -> Nguyễn Đình Vũ | K98: KFM_HCM_Q10 - 7/29 Thành Thái | L98: =VLOOKUP(M98,$P$2:$Q$39,2,0) -> Trần Huỳnh Thơ | M98: HCM 013 | N98: Regional Sales 1
A99: =ROW()-1 -> 98 | B99: A119 | C99: 28/11/2025 | D99: KFM_HCM_TDU - 09 Đào Trinh Nhất | E99: =VLOOKUP(D99,$K$1:$M$237,3,0) -> HCM 027 | F99: =VLOOKUP(D99,$K$2:$L$176,2,0) -> Lê Ngọc Phát | K99: KFM_HCM_Q10 - 74 Vĩnh Viễn | L99: =VLOOKUP(M99,$P$2:$Q$39,2,0) -> Trần Huỳnh Thơ | M99: HCM 013 | N99: Regional Sales 1
A100: =ROW()-1 -> 99 | B100: A125 | C100: 15/11/2025 | D100: KFM_HCM_TDU - 115 Man Thiện | E100: =VLOOKUP(D100,$K$1:$M$237,3,0) -> HCM 021 | F100: =VLOOKUP(D100,$K$2:$L$176,2,0) -> Hồ Xuân Thịnh | K100: KFM_HCM_Q10 - BB17 Trường Sơn | L100: =VLOOKUP(M100,$P$2:$Q$39,2,0) -> Trần Huỳnh Thơ | M100: HCM 013 | N100: Regional Sales 1
...

Sheet Timeline phối hợp 
B1: Timeline phối hợp giữa các bộ phận
A3: Bộ phận | B3: Nội dung | C3: Thời gian
A4: OPS | B4: Gửi thông báo lịch kiểm kê cuối năm | C4: D-30
A5: OPS | B5: Cài đặt lịch kiểm kê trên hệ thống theo siêu thị | C5: D-7
A6: IC/OPS | B6: Nhân sự kiểm soát quy trình kiểm kê nếu có | C6: D
A7: OPS | B7: Phân tích kết quả kiểm kê hàng tháng | C7: Ngày 7 hàng tháng
A8: SOC | B8: Tổ chức kiểm tra tồn kho chính xác sau kiểm kê | C8: theo kế hoạch
A9: SCM | B9: Thông báo NCC xử lý dứt điểm hàng chờ đổi trả | C9: D-15
A10: SCM/Store | B10: Ngưng lệnh chuyển hàng giữa các Siêu thị | C10: D-1
A11: Training | B11: Đào tạo quy trình kiểm kê, hướng dẫn app kiểm kê | C11: D-15
A12: IT | B12: Gửi lịch trực hỗ trợ về hệ thống kiểm kê | C12: D-15
A13: IT | B13: Nhân sự trực đảm bảo hệ thống kiểm kê ổn định | C13: D
A14: IT | B14: Chặn chuyển hàng từ ST đến ST | C14: D
... A25: C&B | B25: Tính thưởng/trách nhiệm kiểm kê theo chính sách nếu có | C25: ngày 2 hàng tháng

Sheet Sheet6
C1: LỊCH KIỂM KÊ TỔNG 2025 | O1: STT | P1: opening_date | Q1: store | R1: location_type | S1: ASM
C2: Thời gian: 01/04/2025 - 29/12/2025 | O2: =ROW()-1 -> 1 | P2: 43112 | Q2: KFM_HCM_Q07 - 31 Tân Mỹ - MART | R2: RIVER | S2: HCM 001-Nguyễn Minh Thắng | T2: =VLOOKUP(Q2,'Lịch kiểm kê 2025'!E:E,1,0) -> KFM_HCM_Q07 - 31 Tân Mỹ - MART
C3: Ngô Quang Cẩm Tú | O3: =ROW()-1 -> 2 | P3: 20/12/19 | Q3: KFM_HCM_Q10 - BB17 Trường Sơn - MART | R3: STREAM | S3: HCM 013-Trần Huỳnh Thơ | T3: =VLOOKUP(Q3,'Lịch kiểm kê 2025'!E:E,1,0) -> KFM_HCM_Q10 - BB17 Trường Sơn - MART
C4: Hoàng Ngọc Long | O4: =ROW()-1 -> 3 | P4: 44114 | Q4: KFM_HCM_TBI - 22 Hoàng Hoa Thám - MART | R4: STREAM | S4: HCM 015-Trần Hữu Vinh | T4: =VLOOKUP(Q4,'Lịch kiểm kê 2025'!E:E,1,0) -> KFM_HCM_TBI - 22 Hoàng Hoa Thám - MART
C5: Tô Thanh Vinh | G5: ID Mart | H5: Name Mart | I5: KHU VỰC | K5: KHU VỰC | L5: GSM | M5: HỌ VÀ TÊN | O5: =ROW()-1 -> 4 | P5: 23/1/21 | Q5: KFM_HCM_Q07 - 571 Huỳnh Tấn Phát - MART | R5: RIVER | S5: HCM 002-Hứa Thái Hiển | T5: =VLOOKUP(Q5,'Lịch kiểm kê 2025'!E:E,1,0) -> KFM_HCM_Q07 - 571 Huỳnh Tấn Phát - MART
C6: Nguyễn Thanh Tùng | G6: TMY | H6: KFM_HCM_Q07 - 31 Tân Mỹ - MART | I6: HCM 1 | K6: HCM 1 | L6: GSM 1 | M6: Nguyễn Minh Thắng | O6: =ROW()-1 -> 5 | P6: 29/10/21 | Q6: KFM_HCM_BCH - 10 Phạm Hùng - MART | R6: RIVER | T6: =VLOOKUP(Q6,'Lịch kiểm kê 2025'!E:E,1,0) -> KFM_HCM_BCH - 10 Phạm Hùng - MART
C7: Nguyễn Xuân Hoánh | G7: BVB | H7: KFM_HCM_Q07 - 43 Bùi Văn Ba - MINI | I7: HCM 1 | K7: HCM 2 | L7: GSM 2 | M7: Hứa Thái Hiển | O7: =ROW()-1 -> 6 | P7: 22/1/22 | Q7: KFM_HCM_Q07 - 436 Nguyễn Thị Thập - MART | R7: RIVER | S7: HCM 003-Nguyễn Thuỷ Tiên | T7: =VLOOKUP(Q7,'Lịch kiểm kê 2025'!E:E,1,0) -> KFM_HCM_Q07 - 436 Nguyễn Thị Thập - MART
G8: ECG | H8: KFM_HCM_Q07 - SH16 Eco Green - MINI | I8: HCM 1 | K8: HCM 3 | L8: GSM 3 | M8: Nguyễn Thuỷ Tiên | O8: =ROW()-1 -> 7 | P8: 44624 | Q8: KFM_HCM_BTH - 54 Vũ Huy Tấn - MINI | R8: STREAM | S8: HCM 016-Cao Chánh Tuấn | T8: =VLOOKUP(Q8,'Lịch kiểm kê 2025'!E:E,1,0) -> KFM_HCM_BTH - 54 Vũ Huy Tấn - MINI
A9: ID Mart | B9: KV | C9: Tên Siêu thị | G9: SCV | H9: KFM_HCM_Q07 - B0.02 Scenic Valley 2 - MINI | I9: HCM 1 | K9: HCM 4 | L9: GSM 4 | M9: Trần Kim Phụng | O9: =ROW()-1 -> 8 | P9: 30/4/22 | Q9: KFM_HCM_GVA - 371 Nguyễn Kiệm - MINI | R9: LAKE | S9: HCM 008-Huỳnh Ngọc Phương | T9: =VLOOKUP(Q9,'Lịch kiểm kê 2025'!E:E,1,0) -> KFM_HCM_GVA - 371 Nguyễn Kiệm - MINI
A10: =XLOOKUP(C10,H:H,G:G) -> ERT | B10: HCM 1 | C10: KFM_HCM_Q07 - 0105 B4 Era Town - MART | G10: HV2 | H10: KFM_HCM_Q07 - R13 Hưng Vượng 2 - MINI | I10: HCM 1 | K10: HCM 5 | L10: GSM 5 | M10: Trương Công Nhật Tùng | O10: =ROW()-1 -> 9 | P10: 13/5/22 | Q10: KFM_HCM_Q07 - 43 Bùi Văn Ba - MINI | R10: STREAM | S10: HCM 001-Nguyễn Minh Thắng | T10: =VLOOKUP(Q10,'Lịch kiểm kê 2025'!E:E,1,0) -> KFM_HCM_Q07 - 43 Bùi Văn Ba - MINI
A11: =XLOOKUP(C11,H:H,G:G) -> DS7 | B11: HCM 4 | C11: KFM_HCM_BTA - 99 Đường Số 7 - MINI | G11: RVS | H11: KFM_HCM_Q07 - C0.01 Riverside Phú Mỹ Hưng - MART | I11: HCM 1 | K11: HCM 6 | L11: GSM 6 | M11: Nguyễn Đình Vũ | O11: =ROW()-1 -> 10 | P11: 21/7/22 | Q11: KFM_HCM_GVA - 308 Lê Văn Thọ - MINI | R11: RIVER | S11: HCM 008-Huỳnh Ngọc Phương | T11: =VLOOKUP(Q11,'Lịch kiểm kê 2025'!E:E,1,0) -> KFM_HCM_GVA - 308 Lê Văn Thọ - MINI
A12: =XLOOKUP(C12,H:H,G:G) -> PHG | B12: HCM 4 | C12: KFM_HCM_BCH - 10 Phạm Hùng - MART | G12: HTP | H12: KFM_HCM_Q07 - 571 Huỳnh Tấn Phát - MART | I12: HCM 2 | K12: HCM 7 | L12: GSM 7 | M12: Nguyễn Văn Lâm | O12: =ROW()-1 -> 11 | P12: 23/7/22 | Q12: KFM_HCM_GVA - 15 Nguyên Hồng - MINI | R12: RIVER | S12: HCM 016-Cao Chánh Tuấn | T12: =VLOOKUP(Q12,'Lịch kiểm kê 2025'!E:E,1,0) -> KFM_HCM_GVA - 15 Nguyên Hồng - MINI
A13: =XLOOKUP(C13,H:H,G:G) -> MZK | B13: HCM 4 | C13: KFM_HCM_BCH - TMDV2 Mizuki Park - MINI | G13: LTC | H13: KFM_HCM_Q07 - 97 Lê Thị Chợ - MINI | I13: HCM 2 | K13: HCM 8 | L13: GSM 8 | M13: Huỳnh Ngọc Phương | O13: =ROW()-1 -> 12 | P13: 29/7/22 | Q13: KFM_HCM_Q04 - 98 Khánh Hội - MINI | R13: LAKE | S13: HCM 003-Nguyễn Thuỷ Tiên | T13: =VLOOKUP(Q13,'Lịch kiểm kê 2025'!E:E,1,0) -> KFM_HCM_Q04 - 98 Khánh Hội - MINI
A14: =XLOOKUP(C14,H:H,G:G) -> LPM | B14: HCM 1 | C14: KFM_HCM_Q07 - 39 Lý Phục Man - MINI | G14: PTN | H14: KFM_HCM_Q07 - E72 Phú Thuận - MINI | I14: HCM 2 | K14: HCM 9 | L14: GSM 9 | M14: Lâm Văn Tú | O14: =ROW()-1 -> 13 | P14: 44689 | Q14: KFM_HCM_TPH - 85 Cây Keo - MINI | R14: STREAM | S14: HCM 014-Trần Văn Hiếu | T14: =VLOOKUP(Q14,'Lịch kiểm kê 2025'!E:E,1,0) -> KFM_HCM_TPH - 85 Cây Keo - MINI
A15: =XLOOKUP(C15,H:H,G:G) -> LTC | B15: HCM 1 | C15: KFM_HCM_Q07 - 97 Lê Thị Chợ - MINI | G15: LPM | H15: KFM_HCM_Q07 - 39 Lý Phục Man - MINI | I15: HCM 2 | K15: HCM 10 | L15: GSM 10 | M15: Phan Ngọc Trí | O15: =ROW()-1 -> 14 | P15: 44720 | Q15: KFM_HCM_Q09 - 367 Nguyễn Văn Tăng - MINI | R15: RIVER | S15: HCM 005-Trương Công Nhật Tùng | T15: =VLOOKUP(Q15,'Lịch kiểm kê 2025'!E:E,1,0) -> KFM_HCM_Q09 - 367 Nguyễn Văn Tăng - MINI
A16: =XLOOKUP(C16,H:H,G:G) -> DS10 | B16: HCM 1 | C16: KFM_HCM_Q7 - 01 Đường Số 10 Tân Kiểng - MINI | G16: Q7R | H16: KFM_HCM_Q07 - Lô CD L1-12 Q7 Riverside Đào Trí - MINI | I16: HCM 2 | K16: HCM 11 | L16: GSM 11 | M16: Nguyễn Thị Tuyết Trinh | O16: =ROW()-1 -> 15 | P16: 26/8/22 | Q16: KFM_HCM_BTH - 86B Vũ Tùng - MINI | R16: STREAM | S16: HCM 016-Cao Chánh Tuấn | T16: =VLOOKUP(Q16,'Lịch kiểm kê 2025'!E:E,1,0) -> KFM_HCM_BTH - 86B Vũ Tùng - MINI
A17: =XLOOKUP(C17,H:H,G:G) -> NDT | B17: HCM 5 | C17: KFM_HCM_TDU - 305 Nguyễn Duy Trinh - MART | G17: NTT | H17: KFM_HCM_Q07 - 436 Nguyễn Thị Thập - MART | I17: HCM 3 | K17: HCM 12 | L17: GSM 12 | M17: Nguyễn Thị Ngọc Thảo | O17: =ROW()-1 -> 16 | P17: 23/9/22 | Q17: KFM_HCM_GVA - 410 Phan Huy Ích - MART | R17: RIVER | S17: HCM 009-Lâm Văn Tú | T17: =VLOOKUP(Q17,'Lịch kiểm kê 2025'!E:E,1,0) -> KFM_HCM_GVA - 410 Phan Huy Ích - MART
A18: =XLOOKUP(C18,H:H,G:G) -> IAP | B18: HCM 5 | C18: KFM_HCM_TDU - Block B Imperia An Phú - MART | G18: LVN | H18: KFM_HCM_Q07 - 09 Lâm Văn Bền - MINI | I18: HCM 3 | K18: HCM 13 | L18: GSM 13 | M18: Trần Huỳnh Thơ | O18: =ROW()-1 -> 17 | P18: 14/10/22 | Q18: KFM_HCM_BTA - 46 Nguyễn Thị Tú - MINI | R18: RIVER | S18: HCM 012-Nguyễn Thị Ngọc Thảo | T18: =VLOOKUP(Q18,'Lịch kiểm kê 2025'!E:E,1,0) -> KFM_HCM_BTA - 46 Nguyễn Thị Tú - MINI
A19: =XLOOKUP(C19,H:H,G:G) -> HTN | B19: HCM 5 | C19: KFM_HCM_TDU - 17 Hồ Thị Nhung - MINI | G19: DS10 | H19: KFM_HCM_Q7 - 01 Đường Số 10 Tân Kiểng - MINI | I19: HCM 3 | K19: HCM 14 | L19: GSM 14 | M19: Trần Văn Hiếu | O19: =ROW()-1 -> 18 | P19: 25/10/22 | Q19: KFM_HCM_TPH - 48 CN1 - MINI | R19: STREAM | S19: HCM 012-Nguyễn Thị Ngọc Thảo | T19: =VLOOKUP(Q19,'Lịch kiểm kê 2025'!E:E,1,0) -> KFM_HCM_TPH - 48 CN1 - MINI
A20: =XLOOKUP(C20,H:H,G:G) -> NTD | B20: HCM 5 | C20: KFM_HCM_TDU - 160A Nguyễn Thị Định - MINI | G20: D67 | H20: KFM_HCM_Q07 - 10 Đường Số 67 Tân Kiểng - MINI | I20: HCM 3 | K20: HCM 15 | L20: GSM 15 | M20: Trần Hữu Vinh | O20: =ROW()-1 -> 19 | P20: 27/10/22 | Q20: KFM_HCM_Q07 - 233 Phạm Hữu Lầu - MINI | R20: STREAM | S20: HCM 004-Trần Kim Phụng | T20: =VLOOKUP(Q20,'Lịch kiểm kê 2025'!E:E,1,0) -> KFM_HCM_Q07 - 233 Phạm Hữu Lầu - MINI
A21: =XLOOKUP(C21,H:H,G:G) -> NTO | B21: HCM 5 | C21: KFM_HCM_BTH - 108 Ngô Tất Tố - MINI | G21: KHI | H21: KFM_HCM_Q04 - 98 Khánh Hội - MINI | I21: HCM 3 | K21: HCM 16 | L21: GSM 16 | M21: Cao Chánh Tuấn | O21: =ROW()-1 -> 20 | P21: 18/11/22 | Q21: KFM_HCM_NBE - 166E Lê Văn Lương - MART | R21: RIVER | S21: HCM 004-Trần Kim Phụng | T21: =VLOOKUP(Q21,'Lịch kiểm kê 2025'!E:E,1,0) -> KFM_HCM_NBE - 166E Lê Văn Lương - MART
A22: =XLOOKUP(C22,H:H,G:G) -> HNG | B22: HCM 3 | C22: KFM_HCM_Q12 - Block B1 Hưng Ngân Garden - MINI | G22: LVL | H22: KFM_HCM_NBE - 166E Lê Văn Lương - MART | I22: HCM 4 | K22: HCM 17 | L22: GSM 17 | M22: Nguyễn Bửu Trùng Dương | O22: =ROW()-1 -> 21 | P22: 45261 | Q22: KFM_HCM_Q07 - 09 Lâm Văn Bền - MINI | R22: STREAM | S22: HCM 003-Nguyễn Thuỷ Tiên | T22: =VLOOKUP(Q22,'Lịch kiểm kê 2025'!E:E,1,0) -> KFM_HCM_Q07 - 09 Lâm Văn Bền - MINI
A23: =XLOOKUP(C23,H:H,G:G) -> CLG | B23: HCM 3 | C23: KFM_HCM_TBI - 64A Cửu Long - MINI | G23: PHL | H23: KFM_HCM_Q07 - 233 Phạm Hữu Lầu - MINI | I23: HCM 4 | K23: HCM 18 | L23: GSM 18 | M23: Võ Minh Đạt | O23: =ROW()-1 -> 22 | P23: 23/2/23 | Q23: KFM_HCM_GVA - 372 Dương Quảng Hàm - MINI | R23: STREAM | S23: HCM 008-Huỳnh Ngọc Phương | T23: =VLOOKUP(Q23,'Lịch kiểm kê 2025'!E:E,1,0) -> KFM_HCM_GVA - 372 Dương Quảng Hàm - MINI
A24: =XLOOKUP(C24,H:H,G:G) -> ACU | B24: HCM 5 | C24: KFM_HCM_TDU - 0.01 Chung cư An Cư An Phú - MINI | G24: ERT | H24: KFM_HCM_Q07 - 0105 B4 Era Town - MART | I24: HCM 4 | K24: HCM 19 | L24: GSM 19 | M24: Trần Thanh Hiền | O24: =ROW()-1 -> 23 | P24: 24/2/23 | Q24: KFM_HCM_Q07 - 0105 B4 Era Town - MART | R24: LAKE | S24: HCM 004-Trần Kim Phụng | T24: =VLOOKUP(Q24,'Lịch kiểm kê 2025'!E:E,1,0) -> KFM_HCM_Q07 - 0105 B4 Era Town - MART
A25: =XLOOKUP(C25,H:H,G:G) -> BVB | B25: HCM 1 | C25: KFM_HCM_Q07 - 43 Bùi Văn Ba - MINI | G25: SSR | H25: KFM_HCM_NBE - SH14-15 Saigon South Residences - MINI | I25: HCM 4 | K25: HCM 20 | L25: GSM 20 | M25: Phạm Hữu Chương | O25: =ROW()-1 -> 24 | P25: 18/3/23 | Q25: KFM_HCM_TDU - 305 Nguyễn Duy Trinh - MART | R25: RIVER | S25: HCM 020-Phạm Hữu Chương | T25: =VLOOKUP(Q25,'Lịch kiểm kê 2025'!E:E,1,0) -> KFM_HCM_TDU - 305 Nguyễn Duy Trinh - MART
A26: =XLOOKUP(C26,H:H,G:G) -> TSO | B26: HCM 5 | C26: KFM_HCM_Q10 - BB17 Trường Sơn - MART | G26: VGP | H26: KFM_HCM_TDU - S06.06 Vinhomes Grand Park - MINI | I26: HCM 5 | O26: =ROW()-1 -> 25 | P26: 23/3/23 | Q26: KFM_HCM_TDU - 160A Nguyễn Thị Định - MINI | R26: RIVER | S26: HCM 019-Trần Thanh Hiền | T26: =VLOOKUP(Q26,'Lịch kiểm kê 2025'!E:E,1,0) -> KFM_HCM_TDU - 160A Nguyễn Thị Định - MINI
A27: =XLOOKUP(C27,H:H,G:G) -> Q7R | B27: HCM 1 | C27: KFM_HCM_Q07 - Lô CD L1-12 Q7 Riverside Đào Trí - MINI | G27: VH3 | H27: KFM_HCM_TDU - S1.05 Vinhomes Grand Park - MINI | I27: HCM 5 | O27: =ROW()-1 -> 26 | P27: 19/5/23 | Q27: KFM_HCM_GVA - 195 Thống Nhất - MART | R27: RIVER | S27: HCM 008-Huỳnh Ngọc Phương | T27: =VLOOKUP(Q27,'Lịch kiểm kê 2025'!E:E,1,0) -> KFM_HCM_GVA - 195 Thống Nhất - MART
A28: =XLOOKUP(C28,H:H,G:G) -> SFR | B28: HCM 2 | C28: KFM_HCM_TDU - D1-1.24 SAFIRA Khang Điền - MINI | G28: VH4 | H28: KFM_HCM_TDU - S07.02 Vinhomes Grand Park - MINI | I28: HCM 5 | O28: =ROW()-1 -> 27 | P28: 44932 | Q28: KFM_HCM_Q12 - 678 Nguyễn Văn Quá - MART | R28: RIVER | S28: HCM 009-Lâm Văn Tú | T28: =VLOOKUP(Q28,'Lịch kiểm kê 2025'!E:E,1,0) -> KFM_HCM_Q12 - 678 Nguyễn Văn Quá - MART
A29: =XLOOKUP(C29,H:H,G:G) -> QHG | B29: HCM 5 | C29: KFM_HCM_TDU - 59 Quốc Hương - MINI | G29: VH2 | H29: KFM_HCM_TDU - S10.02 Vinhomes Grand Park - MINI | I29: HCM 5 | O29: =ROW()-1 -> 28 | P29: 45114 | Q29: KFM_HCM_BCH - 511 Quốc Lộ 50 - MART | R29: RIVER | T29: =VLOOKUP(Q29,'Lịch kiểm kê 2025'!E:E,1,0) -> KFM_HCM_BCH - 511 Quốc lộ 50 - MART
A30: =XLOOKUP(C30,H:H,G:G) -> DXH | B30: HCM 2 | C30: KFM_HCM_TDU - 539 Đỗ Xuân Hợp - MINI | G30: VH5 | H30: KFM_HCM_TDU - S03.05 Vinhomes Grand Park - MINI | I30: HCM 5 | O30: =ROW()-1 -> 29 | P30: 15/7/23 | Q30: KFM_HCM_TDU - 539 Đỗ Xuân Hợp - MINI | R30: RIVER | S30: HCM 006-Nguyễn Đình Vũ | T30: =VLOOKUP(Q30,'Lịch kiểm kê 2025'!E:E,1,0) -> KFM_HCM_TDU - 539 Đỗ Xuân Hợp - MINI
A31: =XLOOKUP(C31,H:H,G:G) -> VTG | B31: HCM 5 | C31: KFM_HCM_BTH - 86B Vũ Tùng - MINI | G31: NVT | H31: KFM_HCM_Q09 - 367 Nguyễn Văn Tăng - MINI | I31: HCM 5 | O31: =ROW()-1 -> 30 | P31: 21/7/23 | Q31: KFM_HCM_BTH - 107 Bình Quới - MINI | R31: STREAM | S31: HCM 018-Võ Minh Đạt | T31: =VLOOKUP(Q31,'Lịch kiểm kê 2025'!E:E,1,0) -> KFM_HCM_BTH - 107 Bình Quới - MINI
A32: =XLOOKUP(C32,H:H,G:G) -> VH3 | B32: HCM 2 | C32: KFM_HCM_TDU - S1.05 Vinhomes Grand Park - MINI | G32: GHA | H32: KFM_HCM_TDU - The Art Gia Hòa - MART | I32: HCM 6 | O32: =ROW()-1 -> 31 | P32: 45238 | Q32: KFM_HCM_TDU - 63 Đường Số 3 - MINI | R32: STREAM | S32: HCM 018-Võ Minh Đạt | T32: =VLOOKUP(Q32,'Lịch kiểm kê 2025'!E:E,1,0) -> KFM_HCM_TDU - 63 Đường Số 3 - MINI
A33: =XLOOKUP(C33,H:H,G:G) -> CHR | B33: HCM 2 | C33: KFM_BDU_DAN - S01.11 Block A1 Charm Sapphire - MINI | G33: DXH | H33: KFM_HCM_TDU - 539 Đỗ Xuân Hợp - MINI | I33: HCM 6 | O33: =ROW()-1 -> 32 | P33: 45268 | Q33: KFM_HCM_TDU - S06.06 Vinhomes Grand Park - MINI | R33: LAKE | S33: HCM 005-Trương Công Nhật Tùng | T33: =VLOOKUP(Q33,'Lịch kiểm kê 2025'!E:E,1,0) -> KFM_HCM_TDU - S06.06 Vinhomes Grand Park - MINI
A34: =XLOOKUP(C34,H:H,G:G) -> HHG | B34: HCM 5 | C34: KFM_HCM_Q10 - 103 Hòa Hưng - MINI | G34: A101 | H34: KFM_BDU_DAN - 27 Tân Lập- MINI | I34: HCM 6 | O34: =ROW()-1 -> 33 | P34: 25/8/23 | Q34: KFM_HCM_TPH - 116 Gò Dầu - MINI | R34: RIVER | S34: HCM 012-Nguyễn Thị Ngọc Thảo | T34: =VLOOKUP(Q34,'Lịch kiểm kê 2025'!E:E,1,0) -> KFM_HCM_TPH - 116 Gò Dầu - MINI
A35: =XLOOKUP(C35,H:H,G:G) -> TNT | B35: HCM 3 | C35: KFM_HCM_GVA - 195 Thống Nhất - MART | G35: SFR | H35: KFM_HCM_TDU - D1-1.24 SAFIRA Khang Điền - MINI | I35: HCM 7 | O35: =ROW()-1 -> 34 | P35: 45147 | Q35: KFM_HCM_Q06 - 229A Tân Hòa Đông - MINI | R35: RIVER | S35: HCM 014-Trần Văn Hiếu | T35: =VLOOKUP(Q35,'Lịch kiểm kê 2025'!E:E,1,0) -> KFM_HCM_Q06 - 229A Tân Hòa Đông - MINI
A36: =XLOOKUP(C36,H:H,G:G) -> AV4 | B36: HCM 5 | C36: KFM_HCM_TDU - SAV_04-00.03 The Sun Avenue - MINI | G36: JKD | H36: KFM_HCM_TDU - A1.04 Jamila Khang Điền - MINI | I36: HCM 7 | O36: =ROW()-1 -> 35 | P36: 45178 | Q36: KFM_HCM_Q07 - SH16 Eco Green - MINI | R36: LAKE | S36: HCM 001-Nguyễn Minh Thắng | T36: =VLOOKUP(Q36,'Lịch kiểm kê 2025'!E:E,1,0) -> KFM_HCM_Q07 - SH16 Eco Green - MINI
A37: =XLOOKUP(C37,H:H,G:G) -> PHI | B37: HCM 3 | C37: KFM_HCM_GVA - 410 Phan Huy Ích - MART | G37: NDH | H37: KFM_HCM_TDU - 1426 Nguyễn Duy Trinh - MINI | I37: HCM 7 | O37: =ROW()-1 -> 36 | P37: 29/9/23 | Q37: KFM_HCM_TDU - 46 Trần Não - MINI | R37: RIVER | S37: HCM 018-Võ Minh Đạt | T37: =VLOOKUP(Q37,'Lịch kiểm kê 2025'!E:E,1,0) -> KFM_HCM_TDU - 46 Trần Não - MINI
A38: =XLOOKUP(C38,H:H,G:G) -> EH3 | B38: HCM 4 | C38: KFM_HCM_BTA - A10-0.02 Ehome 3 - MINI | G38: MTE | H38: KFM_HCM_TDU - D01.14 MT Eastmark City - MINI | I38: HCM 7 | O38: =ROW()-1 -> 37 | P38: 45117 | Q38: KFM_HCM_TPH - RS4 Richstar - MINI | R38: LAKE | S38: HCM 014-Trần Văn Hiếu | T38: =VLOOKUP(Q38,'Lịch kiểm kê 2025'!E:E,1,0) -> KFM_HCM_TPH - RS4 Richstar - MINI
A39: =XLOOKUP(C39,H:H,G:G) -> PGS | B39: HCM 4 | C39: KFM_HCM_Q08 - 01.18 Pegasuite - MINI | G39: EHS | H39: KFM_HCM_TDU - A0.01 EHomeS Phú Hữu - MINI | I39: HCM 7 | O39: =ROW()-1 -> 38 | P39: 14/10/23 | Q39: KFM_HCM_TDU - S10.02 Vinhomes Grand Park - MINI | R39: LAKE | S39: HCM 005-Trương Công Nhật Tùng | T39: =VLOOKUP(Q39,'Lịch kiểm kê 2025'!E:E,1,0) -> KFM_HCM_TDU - S10.02 Vinhomes Grand Park - MINI
A40: =XLOOKUP(C40,H:H,G:G) -> NVD | B40: HCM 5 | C40: KFM_HCM_BTH - 42 Nguyễn Văn Đậu - MINI | G40: LVT | H40: KFM_HCM_GVA - 308 Lê Văn Thọ - MINI | I40: HCM 8 | O40: =ROW()-1 -> 39 | P40: 14/10/23 | Q40: KFM_HCM_BCH - TMDV2 Mizuki Park - MINI | R40: LAKE | T40: =VLOOKUP(Q40,'Lịch kiểm kê 2025'!E:E,1,0) -> KFM_HCM_BCH - TMDV2 Mizuki Park - MINI
A41: =XLOOKUP(C41,H:H,G:G) -> KHI | B41: HCM 1 | C41: KFM_HCM_Q04 - 98 Khánh Hội - MINI | G41: NVK | H41: KFM_HCM_GVA - 299 Nguyễn Văn Khối - MINI | I41: HCM 8 | O41: =ROW()-1 -> 40 | P41: 44996 | Q41: KFM_HCM_BTA - 99 Đường Số 7 - MINI | R41: RIVER | S41: HCM 014-Trần Văn Hiếu | T41: =VLOOKUP(Q41,'Lịch kiểm kê 2025'!E:E,1,0) -> KFM_HCM_BTA - 99 Đường Số 7 - MINI
A42: =XLOOKUP(C42,H:H,G:G) -> TNO | B42: HCM 5 | C42: KFM_HCM_TDU - 46 Trần Não - MINI | G42: TNT | H42: KFM_HCM_GVA - 195 Thống Nhất - MART | I42: HCM 8 | O42: =ROW()-1 -> 41 | P42: 45241 | Q42: KFM_BDU_DAN - SH01 BCons Garden - MINI | R42: LAKE | S42: HCM 017-Nguyễn Bữu Trùng Dương | T42: =VLOOKUP(Q42,'Lịch kiểm kê 2025'!E:E,1,0) -> KFM_BDU_DAN - SH01 BCons Garden - MINI
A43: =XLOOKUP(C43,H:H,G:G) -> BCG | B43: HCM 2 | C43: KFM_BDU_DAN - SH01 BCons Garden - MINI | G43: DQH | H43: KFM_HCM_GVA - 372 Dương Quảng Hàm - MINI | I43: HCM 8 | O43: =ROW()-1 -> 42 | P43: 25/11/23 | Q43: KFM_HCM_TBI - Block C Harmona - MINI | R43: LAKE | S43: HCM 015-Trần Hữu Vinh | T43: =VLOOKUP(Q43,'Lịch kiểm kê 2025'!E:E,1,0) -> KFM_HCM_TBI - Block C Harmona - MINI
A44: =XLOOKUP(C44,H:H,G:G) -> CN1 | B44: HCM 4 | C44: KFM_HCM_TPH - 48 CN1 - MINI | G44: NKM | H44: KFM_HCM_GVA - 371 Nguyễn Kiệm - MINI | I44: HCM 8 | O44: =ROW()-1 -> 43 | P44: 45181 | Q44: KFM_HCM_Q08 - 01.18 Pegasuite - MINI | R44: LAKE | T44: =VLOOKUP(Q44,'Lịch kiểm kê 2025'!E:E,1,0) -> KFM_HCM_Q08 - 01.18 Pegasuite - MINI
A45: =XLOOKUP(C45,H:H,G:G) -> NTU | B45: HCM 4 | C45: KFM_HCM_BTA - 46 Nguyễn Thị Tú - MINI | G45: CLG | H45: KFM_HCM_TBI - 64A Cửu Long - MINI | I45: HCM 8 | O45: =ROW()-1 -> 44 | P45: 16/12/23 | Q45: KFM_HCM_TDU - S1.05 Vinhomes Grand Park - MINI | R45: LAKE | S45: HCM 005-Trương Công Nhật Tùng | T45: =VLOOKUP(Q45,'Lịch kiểm kê 2025'!E:E,1,0) -> KFM_HCM_TDU - S1.05 Vinhomes Grand Park - MINI
A46: =XLOOKUP(C46,H:H,G:G) -> DS3 | B46: HCM 5 | C46: KFM_HCM_TDU - 63 Đường Số 3 - MINI | G46: PHI | H46: KFM_HCM_GVA - 410 Phan Huy Ích - MART | I46: HCM 9 | O46: =ROW()-1 -> 45 | P46: 45444 | Q46: KFM_HCM_TDU - A0.01 EHomeS Phú Hữu - MINI | R46: LAKE | S46: HCM 007-Nguyễn Văn Lâm | T46: =VLOOKUP(Q46,'Lịch kiểm kê 2025'!E:E,1,0) -> KFM_HCM_TDU - A0.01 EHomeS Phú Hữu - MINI
A47: =XLOOKUP(C47,H:H,G:G) -> VLA | B47: HCM 4 | C47: KFM_HCM_TPH - 128 Vườn Lài - MINI | G47: NVQ | H47: KFM_HCM_Q12 - 678 Nguyễn Văn Quá - MART | I47: HCM 9 | O47: =ROW()-1 -> 46 | P47: 19/1/24 | Q47: KFM_HCM_TPH - 128 Vườn Lài - MINI | R47: STREAM | S47: HCM 013-Trần Huỳnh Thơ | T47: =VLOOKUP(Q47,'Lịch kiểm kê 2025'!E:E,1,0) -> KFM_HCM_TPH - 128 Vườn Lài - MINI
A48: =XLOOKUP(C48,H:H,G:G) -> SCV | B48: HCM 1 | C48: KFM_HCM_Q07 - B0.02 Scenic Valley 2 - MINI | G48: HNG | H48: KFM_HCM_Q12 - Block B1 Hưng Ngân Garden - MINI | I48: HCM 9 | O48: =ROW()-1 -> 47 | P48: 27/1/24 | Q48: KFM_HCM_BTA - AK4 Akari City - MINI | R48: LAKE | S48: HCM 011-Nguyễn Thị Tuyết Trinh | T48: =VLOOKUP(Q48,'Lịch kiểm kê 2025'!E:E,1,0) -> KFM_HCM_BTA - AK4 Akari City - MINI
A49: =XLOOKUP(C49,H:H,G:G) -> HNG | B49: HCM 4 | C49: KFM_HCM_Q08 - 296 Hoàng Ngân - MINI | G49: PPZ | H49: KFM_HCM_Q12 - AS19 Block A Prosper Plaza - MINI | I49: HCM 9 | O49: =ROW()-1 -> 48 | P49: 45353 | Q49: KFM_HCM_TDU - D1-1.24 SAFIRA Khang Điền - MINI | R49: LAKE | S49: HCM 007-Nguyễn Văn Lâm | T49: =VLOOKUP(Q49,'Lịch kiểm kê 2025'!E:E,1,0) -> KFM_HCM_TDU - D1-1.24 SAFIRA Khang Điền - MINI
A50: =XLOOKUP(C50,H:H,G:G) -> KDG | B50: HCM 5 | C50: KFM_HCM_Q03 - 10D Kỳ Đồng - MINI | G50: PVB | H50: KFM_HCM_GVA - 446 Phạm Văn Bạch - MINI | I50: HCM 9 | O50: =ROW()-1 -> 49 | P50: 45386 | Q50: KFM_HCM_Q07 - E72 Phú Thuận - MINI | R50: STREAM | S50: HCM 002-Hứa Thái Hiển | T50: =VLOOKUP(Q50,'Lịch kiểm kê 2025'!E:E,1,0) -> KFM_HCM_Q07 - E72 Phú Thuận - MINI
A51: =XLOOKUP(C51,H:H,G:G) -> LVY | B51: HCM 3 | C51: KFM_HCM_TBI - 236A Lê Văn Sỹ - MINI | G51: PHG | H51: KFM_HCM_BCH - 10 Phạm Hùng - MART | I51: HCM 10 | O51: =ROW()-1 -> 50 | P51: 45416 | Q51: KFM_HCM_Q07 - 97 Lê Thị Chợ - MINI | R51: STREAM | S51: HCM 002-Hứa Thái Hiển | T51: =VLOOKUP(Q51,'Lịch kiểm kê 2025'!E:E,1,0) -> KFM_HCM_Q07 - 97 Lê Thị Chợ - MINI
A52: =XLOOKUP(C52,H:H,G:G) -> DMR | B52: HCM 3 | C52: KFM_HCM_Q08 - Block C Diamond Riverside - MINI | G52: Q50 | H52: KFM_HCM_BCH - 511 Quốc lộ 50 - MART | I52: HCM 10 | O52: =ROW()-1 -> 51 | P52: 45447 | Q52: KFM_HCM_TDU - The Art Gia Hòa - MART | R52: LAKE | S52: HCM 006-Nguyễn Đình Vũ | T52: =VLOOKUP(Q52,'Lịch kiểm kê 2025'!E:E,1,0) -> KFM_HCM_TDU - The Art Gia Hòa - MART
A53: =XLOOKUP(C53,H:H,G:G) -> OPS | B53: HCM 3 | C53: KFM_BDU_TAN - B.01.04 Tháp B Opal Skyline - MINI | G53: MZK | H53: KFM_HCM_BCH - TMDV2 Mizuki Park - MINI | I53: HCM 10 | O53: =ROW()-1 -> 52 | P53: 13/4/24 | Q53: KFM_HCM_TDU - TMDV Citihome Cát Lái - MART | R53: LAKE | S53: HCM 020-Phạm Hữu Chương | T53: =VLOOKUP(Q53,'Lịch kiểm kê 2025'!E:E,1,0) -> KFM_HCM_TDU - TMDV Citihome Cát Lái - MART
A54: =XLOOKUP(C54,H:H,G:G) -> LVH | B54: HCM 5 | C54: KFM_HCM_TDU - 222 Lê Văn Thịnh - MINI | G54: MZ2 | H54: KFM_HCM_BCH - A7-8 Valora Mizuki - MINI | I54: HCM 10 | O54: =ROW()-1 -> 53 | P54: 20/4/24 | Q54: KFM_HCM_TDU - Block B Imperia An Phú - MART | R54: LAKE | S54: HCM 019-Trần Thanh Hiền | T54: =VLOOKUP(Q54,'Lịch kiểm kê 2025'!E:E,1,0) -> KFM_HCM_TDU - Block B Imperia An Phú - MART
A55: =XLOOKUP(C55,H:H,G:G) -> LVS | B55: HCM 3 | C55: KFM_HCM_TBI - 343 Lê Văn Sỹ - MART | G55: PGS | H55: KFM_HCM_Q08 - 01.18 Pegasuite - MINI | I55: HCM 10 | O55: =ROW()-1 -> 54 | P55: 24/5/24 | Q55: KFM_HCM_TDU - 59 Quốc Hương - MINI | R55: STREAM | S55: HCM 018-Võ Minh Đạt | T55: =VLOOKUP(Q55,'Lịch kiểm kê 2025'!E:E,1,0) -> KFM_HCM_TDU - 59 Quốc Hương - MINI
A56: =XLOOKUP(C56,H:H,G:G) -> GDU | B56: HCM 4 | C56: KFM_HCM_TPH - 116 Gò Dầu - MINI | G56: HLR | H56: KFM_HCM_Q07 - Block A Himlam Riverside Q7 - MINI | I56: HCM 10 | O56: =ROW()-1 -> 55 | P56: 30/5/24 | Q56: KFM_HCM_BTH - 108 Ngô Tất Tố - MINI | R56: STREAM | S56: HCM 018-Võ Minh Đạt | T56: =VLOOKUP(Q56,'Lịch kiểm kê 2025'!E:E,1,0) -> KFM_HCM_BTH - 108 Ngô Tất Tố - MINI
A57: =XLOOKUP(C57,H:H,G:G) -> HV2 | B57: HCM 1 | C57: KFM_HCM_Q07 - R13 Hưng Vượng 2 - MINI | G57: AKR | H57: KFM_HCM_BTA - AK4 Akari City - MINI | I57: HCM 11 | O57: =ROW()-1 -> 56 | P57: 13/7/24 | Q57: KFM_HCM_BCH - A7-8 Valora Mizuki - MINI | R57: LAKE | T57: =VLOOKUP(Q57,'Lịch kiểm kê 2025'!E:E,1,0) -> KFM_HCM_BCH - A7-8 Valora Mizuki - MINI
A58: =XLOOKUP(C58,H:H,G:G) -> AKR | B58: HCM 4 | C58: KFM_HCM_BTA - AK4 Akari City - MINI | G58: HNG | H58: KFM_HCM_Q08 - 296 Hoàng Ngân - MINI | I58: HCM 11 | O58: =ROW()-1 -> 57 | P58: 19/7/24 | Q58: KFM_HCM_Q06 - 126 Chợ Lớn - MINI | R58: STREAM | S58: HCM 014-Trần Văn Hiếu | T58: =VLOOKUP(Q58,'Lịch kiểm kê 2025'!E:E,1,0) -> KFM_HCM_Q06 - 126 Chợ Lớn - MINI
A59: =XLOOKUP(C59,H:H,G:G) -> EHS | B59: HCM 2 | C59: KFM_HCM_TDU - A0.01 EHomeS Phú Hữu - MINI | G59: DMR | H59: KFM_HCM_Q08 - Block C Diamond Riverside - MINI | I59: HCM 11 | O59: =ROW()-1 -> 58 | P59: 20/7/24 | Q59: KFM_HCM_Q07 - R13 Hưng Vượng 2 - MINI | R59: LAKE | S59: HCM 001-Nguyễn Minh Thắng | T59: =VLOOKUP(Q59,'Lịch kiểm kê 2025'!E:E,1,0) -> KFM_HCM_Q07 - R13 Hưng Vượng 2 - MINI
A60: =XLOOKUP(C60,H:H,G:G) -> PHL | B60: HCM 1 | C60: KFM_HCM_Q07 - 233 Phạm Hữu Lầu - MINI | G60: EH3 | H60: KFM_HCM_BTA - A10-0.02 Ehome 3 - MINI | I60: HCM 11 | O60: =ROW()-1 -> 59 | P60: 25/7/24 | Q60: KFM_HCM_TBI - 165 Hoàng Hoa Thám - MINI | R60: STREAM | S60: HCM 015-Trần Hữu Vinh | T60: =VLOOKUP(Q60,'Lịch kiểm kê 2025'!E:E,1,0) -> KFM_HCM_TBI - 165 Hoàng Hoa Thám - MINI
A61: =XLOOKUP(C61,H:H,G:G) -> HMN | B61: HCM 3 | C61: KFM_HCM_TBI - Block C Harmona - MINI | G61: PKD | H61: KFM_HCM_BTA - TMDV19 Privia Khang Điền - MINI | I61: HCM 11 | O61: =ROW()-1 -> 60 | P61: 45299 | Q61: KFM_HCM_BTH - 42 Nguyễn Văn Đậu - MINI | R61: STREAM | S61: HCM 016-Cao Chánh Tuấn | T61: =VLOOKUP(Q61,'Lịch kiểm kê 2025'!E:E,1,0) -> KFM_HCM_BTH - 42 Nguyễn Văn Đậu - MINI
A62: =XLOOKUP(C62,H:H,G:G) -> NTT | B62: HCM 1 | C62: KFM_HCM_Q07 - 436 Nguyễn Thị Thập - MART | G62: WGA | H62: KFM_HCM_BCH - D-2.01A Westgate An Gia - MINI | I62: HCM 11 | O62: =ROW()-1 -> 61 | P62: 16/8/24 | Q62: KFM_HCM_Q7 - 01 Đường Số 10 Tân Kiểng - MINI | R62: STREAM | S62: HCM 003-Nguyễn Thuỷ Tiên | T62: =VLOOKUP(Q62,'Lịch kiểm kê 2025'!E:E,1,0) -> KFM_HCM_Q7 - 01 Đường Số 10 Tân Kiểng - MINI
A63: =XLOOKUP(C63,H:H,G:G) -> VGP | B63: HCM 2 | C63: KFM_HCM_TDU - S06.06 Vinhomes Grand Park - MINI | G63: CLD | H63: KFM_HCM_TPH - S1.0.38 Block A5 Diamond Celadon City - MINI | I63: HCM 12 | O63: =ROW()-1 -> 62 | P63: 17/8/24 | Q63: KFM_HCM_TDU - A1.04 Jamila Khang Điền - MINI | R63: LAKE | S63: HCM 007-Nguyễn Văn Lâm | T63: =VLOOKUP(Q63,'Lịch kiểm kê 2025'!E:E,1,0) -> KFM_HCM_TDU - A1.04 Jamila Khang Điền - MINI
A64: =XLOOKUP(C64,H:H,G:G) -> NVT | B64: HCM 2 | C64: KFM_HCM_Q09 - 367 Nguyễn Văn Tăng - MINI | G64: NTU | H64: KFM_HCM_BTA - 46 Nguyễn Thị Tú - MINI | I64: HCM 12 | O64: =ROW()-1 -> 63 | P64: 23/8/24 | Q64: KFM_HCM_Q03 - 14 Huỳnh Tịnh Của - MINI | R64: STREAM | S64: HCM 013-Trần Huỳnh Thơ | T64: =VLOOKUP(Q64,'Lịch kiểm kê 2025'!E:E,1,0) -> KFM_HCM_Q03 - 14 Huỳnh Tịnh Của - MINI
A65: =XLOOKUP(C65,H:H,G:G) -> MTE | B65: HCM 2 | C65: KFM_HCM_TDU - D01.14 MT Eastmark City - MINI | G65: CN1 | H65: KFM_HCM_TPH - 48 CN1 - MINI | I65: HCM 12 | O65: =ROW()-1 -> 64 | P65: 24/8/24 | Q65: KFM_BDU_DAN - 01-06 TMDV Him Lam Phú Đông - MINI | R65: LAKE | S65: HCM 017-Nguyễn Bữu Trùng Dương | T65: =VLOOKUP(Q65,'Lịch kiểm kê 2025'!E:E,1,0) -> KFM_BDU_DAN - 01-06 TMDV Him Lam Phú Đông - MINI
A66: =XLOOKUP(C66,H:H,G:G) -> PKD | B66: HCM 4 | C66: KFM_HCM_BTA - TMDV19 Privia Khang Điền - MINI | G66: BTH | H66: KFM_HCM_BTA - 66/70 Bình Thành - MINI | I66: HCM 12 | O66: =ROW()-1 -> 65 | P66: 30/8/24 | Q66: KFM_HCM_TDU - 1426 Nguyễn Duy Trinh - MINI | R66: RIVER | S66: HCM 007-Nguyễn Văn Lâm | T66: =VLOOKUP(Q66,'Lịch kiểm kê 2025'!E:E,1,0) -> KFM_HCM_TDU - 1426 Nguyễn Duy Trinh - MINI
A67: =XLOOKUP(C67,H:H,G:G) -> TMY | B67: HCM 1 | C67: KFM_HCM_Q07 - 31 Tân Mỹ - MART | G67: GDU | H67: KFM_HCM_TPH - 116 Gò Dầu - MINI | I67: HCM 12 | O67: =ROW()-1 -> 66 | P67: 31/8/24 | Q67: KFM_HCM_BCH - D-2.01A Westgate An Gia - MINI | R67: LAKE | S67: HCM 011-Nguyễn Thị Tuyết Trinh | T67: =VLOOKUP(Q67,'Lịch kiểm kê 2025'!E:E,1,0) -> KFM_HCM_BCH - D-2.01A Westgate An Gia - MINI
A68: =XLOOKUP(C68,H:H,G:G) -> LVT | B68: HCM 3 | C68: KFM_HCM_GVA - 308 Lê Văn Thọ - MINI | G68: TSO | H68: KFM_HCM_Q10 - BB17 Trường Sơn - MART | I68: HCM 13 | O68: =ROW()-1 -> 67 | P68: 31/8/24 | Q68: KFM_HCM_TDU - S07.02 Vinhomes Grand Park - MINI | R68: LAKE | S68: HCM 005-Trương Công Nhật Tùng | T68: =VLOOKUP(Q68,'Lịch kiểm kê 2025'!E:E,1,0) -> KFM_HCM_TDU - S07.02 Vinhomes Grand Park - MINI
A69: =XLOOKUP(C69,H:H,G:G) -> LVN | B69: HCM 1 | C69: KFM_HCM_Q07 - 09 Lâm Văn Bền - MINI | G69: HHG | H69: KFM_HCM_Q10 - 103 Hòa Hưng - MINI | I69: HCM 13 | O69: =ROW()-1 -> 68 | P69: 21/9/24 | Q69: KFM_HCM_Q07 - Block A Himlam Riverside Q7 - MINI | R69: LAKE | T69: =VLOOKUP(Q69,'Lịch kiểm kê 2025'!E:E,1,0) -> KFM_HCM_Q07 - Block A Himlam Riverside Q7 - MINI
A70: =XLOOKUP(C70,H:H,G:G) -> NKM | B70: HCM 3 | C70: KFM_HCM_GVA - 371 Nguyễn Kiệm - MINI | G70: KDG | H70: KFM_HCM_Q03 - 10D Kỳ Đồng - MINI | I70: HCM 13 | O70: =ROW()-1 -> 69 | P70: 27/9/24 | Q70: KFM_HCM_BTA - 66/70 Bình Thành - MINI | R70: STREAM | S70: HCM 012-Nguyễn Thị Ngọc Thảo | T70: =VLOOKUP(Q70,'Lịch kiểm kê 2025'!E:E,1,0) -> KFM_HCM_BTA - 66/70 Bình Thành - MINI
A71: =XLOOKUP(C71,H:H,G:G) -> MZ2 | B71: HCM 4 | C71: KFM_HCM_BCH - A7-8 Valora Mizuki - MINI | G71: HTC | H71: KFM_HCM_Q03 - 14 Huỳnh Tịnh Của - MINI | I71: HCM 13 | O71: =ROW()-1 -> 70 | P71: 45361 | Q71: KFM_HCM_GVA - 299 Nguyễn Văn Khối - MINI | R71: STREAM | S71: HCM 008-Huỳnh Ngọc Phương | T71: =VLOOKUP(Q71,'Lịch kiểm kê 2025'!E:E,1,0) -> KFM_HCM_GVA - 299 Nguyễn Văn Khối - MINI
A72: =XLOOKUP(C72,H:H,G:G) -> VH2 | B72: HCM 2 | C72: KFM_HCM_TDU - S10.02 Vinhomes Grand Park - MINI | G72: VLA | H72: KFM_HCM_TPH - 128 Vườn Lài - MINI | I72: HCM 13 | O72: =ROW()-1 -> 71 | P72: 45636 | Q72: KFM_HCM_TDU - 0.01 Chung cư An Cư An Phú - MINI | R72: LAKE | S72: HCM 019-Trần Thanh Hiền | T72: =VLOOKUP(Q72,'Lịch kiểm kê 2025'!E:E,1,0) -> KFM_HCM_TDU - 0.01 Chung cư An Cư An Phú - MINI
A73: =XLOOKUP(C73,H:H,G:G) -> GHA | B73: HCM 2 | C73: KFM_HCM_TDU - The Art Gia Hòa - MART | G73: CKO | H73: KFM_HCM_TPH - 85 Cây Keo - MINI | I73: HCM 14 | O73: =ROW()-1 -> 72 | P73: 19/10/24 | Q73: KFM_HCM_TDU - SAV_04-00.03 The Sun Avenue - MINI | R73: LAKE | S73: HCM 019-Trần Thanh Hiền | T73: =VLOOKUP(Q73,'Lịch kiểm kê 2025'!E:E,1,0) -> KFM_HCM_TDU - SAV_04-00.03 The Sun Avenue - MINI
A74: =XLOOKUP(C74,H:H,G:G) -> RS4 | B74: HCM 4 | C74: KFM_HCM_TPH - RS4 Richstar - MINI | G74: CLN | H74: KFM_HCM_Q06 - 126 Chợ Lớn - MINI | I74: HCM 14 | O74: =ROW()-1 -> 73 | P74: 26/10/24 | Q74: KFM_BDU_TAN - Block A Emerald Golf View - MINI | R74: LAKE | S74: HCM 017-Nguyễn Bữu Trùng Dương | T74: =VLOOKUP(Q74,'Lịch kiểm kê 2025'!E:E,1,0) -> KFM_BDU_TAN - Block A Emerald Golf View - MINI
A75: =XLOOKUP(C75,H:H,G:G) -> LVL | B75: HCM 1 | C75: KFM_HCM_NBE - 166E Lê Văn Lương - MART | G75: RS4 | H75: KFM_HCM_TPH - RS4 Richstar - MINI | I75: HCM 14 | O75: =ROW()-1 -> 74 | P75: 26/10/24 | Q75: KFM_HCM_Q07 - C0.01 Riverside Phú Mỹ Hưng - MART | R75: LAKE | S75: HCM 001-Nguyễn Minh Thắng | T75: =VLOOKUP(Q75,'Lịch kiểm kê 2025'!E:E,1,0) -> KFM_HCM_Q07 - C0.01 Riverside Phú Mỹ Hưng - MART
A76: =XLOOKUP(C76,H:H,G:G) -> DQH | B76: HCM 3 | C76: KFM_HCM_GVA - 372 Dương Quảng Hàm - MINI | G76: THD | H76: KFM_HCM_Q06 - 229A Tân Hòa Đông - MINI | I76: HCM 14 | O76: =ROW()-1 -> 75 | P76: 45302 | Q76: KFM_HCM_TPH - 66 Trương Vĩnh Ký - MINI | R76: STREAM | S76: HCM 015-Trần Hữu Vinh | T76: =VLOOKUP(Q76,'Lịch kiểm kê 2025'!E:E,1,0) -> KFM_HCM_TPH - 66 Trương Vĩnh Ký - MINI
A77: =XLOOKUP(C77,H:H,G:G) -> PTN | B77: HCM 1 | C77: KFM_HCM_Q07 - E72 Phú Thuận - MINI | G77: DS7 | H77: KFM_HCM_BTA - 99 Đường Số 7 - MINI | I77: HCM 14 | O77: =ROW()-1 -> 76 | P77: 45515 | Q77: KFM_HCM_TPH - S1.0.38 Block A5 Diamond Celadon City - MINI | R77: LAKE | S77: HCM 012-Nguyễn Thị Ngọc Thảo | T77: =VLOOKUP(Q77,'Lịch kiểm kê 2025'!E:E,1,0) -> KFM_HCM_TPH - S1.0.38 Block A5 Diamond Celadon City - MINI
A78: =XLOOKUP(C78,H:H,G:G) -> NVQ | B78: HCM 3 | C78: KFM_HCM_Q12 - 678 Nguyễn Văn Quá - MART | G78: LVY | H78: KFM_HCM_TBI - 236A Lê Văn Sỹ - MINI | I78: HCM 15 | O78: =ROW()-1 -> 77 | P78: 45546 | Q78: KFM_HCM_NBE - SH14-15 Saigon South Residences - MINI | R78: LAKE | S78: HCM 004-Trần Kim Phụng | T78: =VLOOKUP(Q78,'Lịch kiểm kê 2025'!E:E,1,0) -> KFM_HCM_NBE - SH14-15 Saigon South Residences - MINI
A79: =XLOOKUP(C79,H:H,G:G) -> CTH | B79: HCM 5 | C79: KFM_HCM_TDU - TMDV Citihome Cát Lái - MART | G79: TVK | H79: KFM_HCM_TPH - 66 Trương Vĩnh Ký - MINI | I79: HCM 15 | O79: =ROW()-1 -> 78 | P79: 45546 | Q79: KFM_HCM_TDU - S03.05 Vinhomes Grand Park - MINI | R79: LAKE | S79: HCM 005-Trương Công Nhật Tùng | T79: =VLOOKUP(Q79,'Lịch kiểm kê 2025'!E:E,1,0) -> KFM_HCM_TDU - S03.05 Vinhomes Grand Park - MINI
A80: =XLOOKUP(C80,H:H,G:G) -> ECG | B80: HCM 1 | C80: KFM_HCM_Q07 - SH16 Eco Green - MINI | G80: HMN | H80: KFM_HCM_TBI - Block C Harmona - MINI | I80: HCM 15 | O80: =ROW()-1 -> 79 | P80: 23/11/24 | Q80: KFM_HCM_TDU - 02 Nguyễn Thị Nhung - MINI | R80: STREAM | S80: HCM 016-Cao Chánh Tuấn | T80: =VLOOKUP(Q80,'Lịch kiểm kê 2025'!E:E,1,0) -> KFM_HCM_TDU - 02 Nguyễn Thị Nhung - MINI
A81: =XLOOKUP(C81,H:H,G:G) -> JKD | B81: HCM 2 | C81: KFM_HCM_TDU - A1.04 Jamila Khang Điền - MINI | G81: HHM | H81: KFM_HCM_TBI - 165 Hoàng Hoa Thám - MINI | I81: HCM 15 | O81: =ROW()-1 -> 80 | P81: 30/11/24 | Q81: KFM_HCM_Q12 - AS19 Block A Prosper Plaza - MINI | R81: LAKE | S81: HCM 009-Lâm Văn Tú | T81: =VLOOKUP(Q81,'Lịch kiểm kê 2025'!E:E,1,0) -> KFM_HCM_Q12 - AS19 Block A Prosper Plaza - MINI
A82: =XLOOKUP(C82,H:H,G:G) -> HHT | B82: HCM 3 | C82: KFM_HCM_TBI - 22 Hoàng Hoa Thám - MART | G82: HHT | H82: KFM_HCM_TBI - 22 Hoàng Hoa Thám - MART | I82: HCM 15 | O82: =ROW()-1 -> 81 | P82: 30/11/24 | Q82: KFM_BDU_DAN - S01.11 Block A1 Charm Sapphire - MINI | R82: LAKE | S82: HCM 017-Nguyễn Bữu Trùng Dương | T82: =VLOOKUP(Q82,'Lịch kiểm kê 2025'!E:E,1,0) -> KFM_BDU_DAN - S01.11 Block A1 Charm Sapphire - MINI
A83: =XLOOKUP(C83,H:H,G:G) -> HPD | B83: HCM 2 | C83: KFM_BDU_DAN - 01-06 TMDV Him Lam Phú Đông - MINI | G83: LVS | H83: KFM_HCM_TBI - 343 Lê Văn Sỹ - MART | I83: HCM 15 | O83: =ROW()-1 -> 82 | P83: 14/12/24 | Q83: KFM_HCM_Q07 - Lô CD L1-12 Q7 Riverside Đào Trí - MINI | R83: LAKE | S83: HCM 002-Hứa Thái Hiển | T83: =VLOOKUP(Q83,'Lịch kiểm kê 2025'!E:E,1,0) -> KFM_HCM_Q07 - Lô CD L1-12 Q7 Riverside Đào Trí - MINI
A84: =XLOOKUP(C84,H:H,G:G) -> CLN | B84: HCM 4 | C84: KFM_HCM_Q06 - 126 Chợ Lớn - MINI | G84: VHT | H84: KFM_HCM_BTH - 54 Vũ Huy Tấn - MINI | I84: HCM 16 | O84: =ROW()-1 -> 83 | P84: 20/12/24 | Q84: KFM_HCM_TBI - 64A Cửu Long - MINI | R84: STREAM | S84: HCM 008-Huỳnh Ngọc Phương | T84: =VLOOKUP(Q84,'Lịch kiểm kê 2025'!E:E,1,0) -> KFM_HCM_TBI - 64A Cửu Long - MINI
A85: =XLOOKUP(C85,H:H,G:G) -> HHM | B85: HCM 3 | C85: KFM_HCM_TBI - 165 Hoàng Hoa Thám - MINI | G85: NVD | H85: KFM_HCM_BTH - 42 Nguyễn Văn Đậu - MINI | I85: HCM 16 | O85: =ROW()-1 -> 84 | P85: 20/12/24 | Q85: KFM_HCM_Q07 - 39 Lý Phục Man - MINI | R85: STREAM | S85: HCM 002-Hứa Thái Hiển | T85: =VLOOKUP(Q85,'Lịch kiểm kê 2025'!E:E,1,0) -> KFM_HCM_Q07 - 39 Lý Phục Man - MINI
A86: =XLOOKUP(C86,H:H,G:G) -> CKO | B86: HCM 4 | C86: KFM_HCM_TPH - 85 Cây Keo - MINI | G86: VTG | H86: KFM_HCM_BTH - 86B Vũ Tùng - MINI | I86: HCM 16 | O86: =ROW()-1 -> 85 | P86: 21/12/24 | Q86: KFM_HCM_Q07 - B0.02 Scenic Valley 2 - MINI | R86: LAKE | S86: HCM 001-Nguyễn Minh Thắng | T86: =VLOOKUP(Q86,'Lịch kiểm kê 2025'!E:E,1,0) -> KFM_HCM_Q07 - B0.02 Scenic Valley 2 - MINI
A87: =XLOOKUP(C87,H:H,G:G) -> HTP | B87: HCM 1 | C87: KFM_HCM_Q07 - 571 Huỳnh Tấn Phát - MART | G87: VPC | H87: KFM_HCM_TDU - 02 Nguyễn Thị Nhung - MINI | I87: HCM 16 | O87: =ROW()-1 -> 86 | P87: 21/12/24 | Q87: KFM_HCM_Q12 - Block B1 Hưng Ngân Garden - MINI | R87: LAKE | S87: HCM 009-Lâm Văn Tú | T87: =VLOOKUP(Q87,'Lịch kiểm kê 2025'!E:E,1,0) -> KFM_HCM_Q12 - Block B1 Hưng Ngân Garden - MINI
A88: =XLOOKUP(C88,H:H,G:G) -> NDH | B88: HCM 2 | C88: KFM_HCM_TDU - 1426 Nguyễn Duy Trinh - MINI | G88: NHG | H88: KFM_HCM_GVA - 15 Nguyên Hồng - MINI | I88: HCM 16 | O88: =ROW()-1 -> 87 | P88: 27/12/24 | Q88: KFM_HCM_TDU - 17 Hồ Thị Nhung - MINI | R88: STREAM | S88: HCM 020-Phạm Hữu Chương | T88: =VLOOKUP(Q88,'Lịch kiểm kê 2025'!E:E,1,0) -> KFM_HCM_TDU - 17 Hồ Thị Nhung - MINI
A89: =XLOOKUP(C89,H:H,G:G) -> BQI | B89: HCM 5 | C89: KFM_HCM_BTH - 107 Bình Quới - MINI | G89: BCG | H89: KFM_BDU_DAN - SH01 BCons Garden - MINI | I89: HCM 17 | O89: =ROW()-1 -> 88 | P89: 28/12/24 | Q89: KFM_HCM_BTA - A10-0.02 Ehome 3 - MINI | R89: LAKE | S89: HCM 011-Nguyễn Thị Tuyết Trinh | T89: =VLOOKUP(Q89,'Lịch kiểm kê 2025'!E:E,1,0) -> KFM_HCM_BTA - A10-0.02 Ehome 3 - MINI
A90: =XLOOKUP(C90,H:H,G:G) -> THD | B90: HCM 4 | C90: KFM_HCM_Q06 - 229A Tân Hòa Đông - MINI | G90: OPS | H90: KFM_BDU_TAN - B.01.04 Tháp B Opal Skyline - MINI | I90: HCM 17 | O90: =ROW()-1 -> 89 | P90: 45870 | Q90: KFM_HCM_Q10 - 103 Hòa Hưng - MINI | R90: STREAM | S90: HCM 013-Trần Huỳnh Thơ | T90: =VLOOKUP(Q90,'Lịch kiểm kê 2025'!E:E,1,0) -> KFM_HCM_Q10 - 103 Hòa Hưng - MINI
A91: =XLOOKUP(C91,H:H,G:G) -> VHT | B91: HCM 5 | C91: KFM_HCM_BTH - 54 Vũ Huy Tấn - MINI | G91: EMR | H91: KFM_BDU_TAN - Block A Emerald Golf View - MINI | I91: HCM 17 | O91: =ROW()-1 -> 90 | P91: 21/3/25 | Q91: KFM_HCM_Q08 - 296 Hoàng Ngân - MINI | R91: STREAM | S91: HCM 011-Nguyễn Thị Tuyết Trinh | T91: =VLOOKUP(Q91,'Lịch kiểm kê 2025'!E:E,1,0) -> KFM_HCM_Q08 - 296 Hoàng Ngân - MINI
A92: =XLOOKUP(C92,H:H,G:G) -> WGA | B92: HCM 4 | C92: KFM_HCM_BCH - D-2.01A Westgate An Gia - MINI | G92: CHR | H92: KFM_BDU_DAN - S01.11 Block A1 Charm Sapphire - MINI | I92: HCM 17 | O92: =ROW()-1 -> 91 | P92: 22/3/25 | Q92: KFM_HCM_Q03 - 10D Kỳ Đồng - MINI | R92: STREAM | S92: HCM 013-Trần Huỳnh Thơ | T92: =VLOOKUP(Q92,'Lịch kiểm kê 2025'!E:E,1,0) -> KFM_HCM_Q03 - 10D Kỳ Đồng - MINI
A93: =XLOOKUP(C93,H:H,G:G) -> VH4 | B93: HCM 2 | C93: KFM_HCM_TDU - S07.02 Vinhomes Grand Park - MINI | G93: HPD | H93: KFM_BDU_DAN - 01-06 TMDV Him Lam Phú Đông - MINI | I93: HCM 17 | O93: =ROW()-1 -> 92 | P93: 28/3/25 | Q93: KFM_HCM_TBI - 236A Lê Văn Sỹ - MINI | R93: RIVER | S93: HCM 015-Trần Hữu Vinh | T93: =VLOOKUP(Q93,'Lịch kiểm kê 2025'!E:E,1,0) -> KFM_HCM_TBI - 236A Lê Văn Sỹ - MINI
A94: =XLOOKUP(C94,H:H,G:G) -> NVK | B94: HCM 3 | C94: KFM_HCM_GVA - 299 Nguyễn Văn Khối - MINI | G94: DS3 | H94: KFM_HCM_TDU - 63 Đường Số 3 - MINI | I94: HCM 18 | O94: =ROW()-1 -> 93 | P94: 29/3/25 | Q94: KFM_HCM_Q08 - Block C Diamond Riverside - MINI | R94: LAKE | S94: HCM 011-Nguyễn Thị Tuyết Trinh | T94: =VLOOKUP(Q94,'Lịch kiểm kê 2025'!E:E,1,0) -> KFM_HCM_Q08 - Block C Diamond Riverside - MINI
A95: =XLOOKUP(C95,H:H,G:G) -> Q50 | B95: HCM 4 | C95: KFM_HCM_BCH - 511 Quốc lộ 50 - MART | G95: TNO | H95: KFM_HCM_TDU - 46 Trần Não - MINI | I95: HCM 18 | O95: =ROW()-1 -> 94 | P95: 29/3/25 | Q95: KFM_BDU_TAN - B.01.04 Tháp B Opal Skyline - MINI | R95: LAKE | S95: HCM 017-Nguyễn Bữu Trùng Dương | T95: =VLOOKUP(Q95,'Lịch kiểm kê 2025'!E:E,1,0) -> KFM_BDU_TAN - B.01.04 Tháp B Opal Skyline - MINI
A96: =XLOOKUP(C96,H:H,G:G) -> D67 | B96: HCM 1 | C96: KFM_HCM_Q07 - 10 Đường số 67 Tân Kiểng - MINI | G96: QHG | H96: KFM_HCM_TDU - 59 Quốc Hương - MINI | I96: HCM 18 | O96: =ROW()-1 -> 95 | P96: 45965 | Q96: KFM_HCM_TDU - 222 Lê Văn Thịnh - MINI | R96: STREAM | S96: HCM 020-Phạm Hữu Chương | T96: =VLOOKUP(Q96,'Lịch kiểm kê 2025'!E:E,1,0) -> KFM_HCM_TDU - 222 Lê Văn Thịnh - MINI
A97: =XLOOKUP(C97,H:H,G:G) -> BTH | B97: HCM 4 | C97: KFM_HCM_BTA - 66/70 Bình Thành - MINI | G97: BQI | H97: KFM_HCM_BTH - 107 Bình Quới - MINI | I97: HCM 18 | O97: =ROW()-1 -> 96 | P97: 19/4/25 | Q97: KFM_HCM_TDU - D01.14 MT Eastmark City - MINI | R97: LAKE | S97: HCM 007-Nguyễn Văn Lâm | T97: =VLOOKUP(Q97,'Lịch kiểm kê 2025'!E:E,1,0) -> KFM_HCM_TDU - D01.14 MT Eastmark City - MINI
A98: =XLOOKUP(C98,H:H,G:G) -> CLD | B98: HCM 4 | C98: KFM_HCM_TPH - S1.0.38 Block A5 Diamond Celadon City - MINI | G98: NTO | H98: KFM_HCM_BTH - 108 Ngô Tất Tố - MINI | I98: HCM 18 | O98: =ROW()-1 -> 97 | P98: 19/4/25 | Q98: KFM_HCM_BTA - TMDV19 Privia Khang Điền - MINI | R98: LAKE | S98: HCM 011-Nguyễn Thị Tuyết Trinh | T98: =VLOOKUP(Q98,'Lịch kiểm kê 2025'!E:E,1,0) -> KFM_HCM_BTA - TMDV19 Privia Khang Điền - MINI
A99: =XLOOKUP(C99,H:H,G:G) -> HLR | B99: HCM 1 | C99: KFM_HCM_Q07 - Block A Himlam Riverside Q7 - MINI | G99: IAP | H99: KFM_HCM_TDU - Block B Imperia An Phú - MART | I99: HCM 19 | O99: =ROW()-1 -> 98 | P99: 45721 | Q99: KFM_BDU_DAN - 27 Tân Lập - MINI | R99: STREAM | S99: HCM 006-Nguyễn Đình Vũ | T99: =VLOOKUP(Q99,'Lịch kiểm kê 2025'!E:E,1,0) -> KFM_BDU_DAN - 27 Tân Lập - MINI
A100: =XLOOKUP(C100,H:H,G:G) -> RVS | B100: HCM 1 | C100: KFM_HCM_Q07 - C0.01 Riverside Phú Mỹ Hưng - MART | G100: AV4 | H100: KFM_HCM_TDU - SAV_04-00.03 The Sun Avenue - MINI | I100: HCM 19 | O100: =ROW()-1 -> 99 | P100: 45721 | Q100: KFM_HCM_TDU - 02 Tạ Hiện - MINI | R100: STREAM | S100: HCM 020-Phạm Hữu Chương | T100: =VLOOKUP(Q100,'Lịch kiểm kê 2025'!E:E,1,0) -> KFM_HCM_TDU - 02 Tạ Hiện - MINI
...

Sheet Thay đổi
A2: Nội dung | B2: Hiện tại | C2: Thay đổi
A3: Ngày D | B3: Ngày thực hiện Kiểm tổng | C3: Ngày hệ thống đổ mã kiểm kê tổng
A4: Ngành hàng kiểm kê | B4: Chia làm 2 đợt: + Fresh food + Các ngành hàng còn lại | C4: Chia làm 5 ngành hàng theo Cale level 1. Ngày D hệ thống đổ 5 phiếu kiểm kê tổng cho 5 ngành hàng
A5: Ngày kiểm kê | B5: - Các ngành hàng: theo ngày cố định được xác định trước (D) - Fresh food: D-3 | C5: Siêu thị chọn ngày kiểm kê tương ứng 5 ngành hàng trong vòng 7 ngày kể từ ngày nhận được phiếu kiểm tổng bởi hệ thống
A6: Ngày hết hạn của phiếu kiểm | B6: 7 ngày | C6: - Phiếu chưa kiểm: 7 ngày - Phiếu bắt đầu nhập số đếm của 1 sản phẩm đầu tiên: + FMCG: 4h, ngày C + 2 + 4 ngành hàng còn lại: 4h, ngày C+1 (C là ngày bắt đầu nhập số đếm)
